Workbook

Sheet PRODUÇÃO
A1: CONTROLE DE PRODUÇÃO LINHA DE ACABAMENTO
A2: RASTREABILIDADE | G2: PRODUÇÃO EM PEÇAS | L2: PRODUÇÃO EM TON.
A3: Ano | B3: Mês | C3: Data | D3: OPERADOR | E3: TURNO | F3: PRODUTO | G3: LIBERADAS | H3: REJATO | I3: REFUGO | J3: RETRABALHO | K3: TOTAL | L3: LIBERADAS | M3: REJATO | N3: REFUGO | O3: RETRABALHO | P3: Total acabado | Q3: Nome do produto | R3: Cliente | S3: Tempo Teórico | AJ3: 1 | AK3: JANEIRO
A4: =IF(C4=0,0,YEAR(C4)) -> 2019 | B4: =IF(C4>0,VLOOKUP(MONTH($C4),$AJ$3:$AK$14,2,0),0) -> SETEMBRO | C4: 43710 | E4: 1 | F4: 13 | G4: 800 | H4: 320 | I4: 150 | J4: 320 | K4: =SUM(G4:J4) -> 1590 | L4: =IF(ISERROR(VLOOKUP($F4,#REF!,6,0)*G4/1000),0,VLOOKUP($F4,#REF!,6,0)*G4/1000) -> 0 | M4: =IF(ISERROR(VLOOKUP($F4,#REF!,6,0)*H4/1000),0,VLOOKUP($F4,#REF!,6,0)*H4/1000) -> 0 | N4: =IF(ISERROR(VLOOKUP($F4,#REF!,6,0)*I4/1000),0,VLOOKUP($F4,#REF!,6,0)*I4/1000) -> 0 | O4: =IF(ISERROR(VLOOKUP($F4,#REF!,6,0)*J4/1000),0,VLOOKUP($F4,#REF!,6,0)*J4/1000) -> 0 | P4: =IF(ISERROR(VLOOKUP($F4,#REF!,6,0)*K4/1000),0,VLOOKUP($F4,#REF!,6,0)*K4/1000) -> 0 | Q4: =IF(ISERROR(VLOOKUP(F4,#REF!,3,0)),0,VLOOKUP(F4,#REF!,3,0)) -> 0 | R4: =IF(ISERROR(VLOOKUP(F4,#REF!,4,0)),0,VLOOKUP(F4,#REF!,4,0)) -> 0 | S4: =IF(ISERROR(VLOOKUP(F4,#REF!,4,0)),0,VLOOKUP(F4,#REF!,10,0)/60*K4) -> 0 | AJ4: 2 | AK4: FEVEREIRO
A5: =IF(C5=0,0,YEAR(C5)) -> 2019 | B5: =IF(C5>0,VLOOKUP(MONTH($C5),$AJ$3:$AK$14,2,0),0) -> SETEMBRO | C5: 43710 | E5: 1 | F5: 3 | G5: 1020 | I5: 30 | J5: 676 | K5: =SUM(G5:J5) -> 1726 | L5: =IF(ISERROR(VLOOKUP($F5,#REF!,6,0)*G5/1000),0,VLOOKUP($F5,#REF!,6,0)*G5/1000) -> 0 | M5: =IF(ISERROR(VLOOKUP($F5,#REF!,6,0)*H5/1000),0,VLOOKUP($F5,#REF!,6,0)*H5/1000) -> 0 | N5: =IF(ISERROR(VLOOKUP($F5,#REF!,6,0)*I5/1000),0,VLOOKUP($F5,#REF!,6,0)*I5/1000) -> 0 | O5: =IF(ISERROR(VLOOKUP($F5,#REF!,6,0)*J5/1000),0,VLOOKUP($F5,#REF!,6,0)*J5/1000) -> 0 | P5: =IF(ISERROR(VLOOKUP(F5,#REF!,6,0)*K5/1000),0,VLOOKUP(F5,#REF!,6,0)*K5/1000) -> 0 | Q5: =IF(ISERROR(VLOOKUP(F5,#REF!,3,0)),0,VLOOKUP(F5,#REF!,3,0)) -> 0 | R5: =IF(ISERROR(VLOOKUP(F5,#REF!,4,0)),0,VLOOKUP(F5,#REF!,4,0)) -> 0 | S5: =IF(ISERROR(VLOOKUP(F5,#REF!,4,0)),0,VLOOKUP(F5,#REF!,10,0)/60*K5) -> 0 | AJ5: 3 | AK5: MARÇO
A6: =IF(C6=0,0,YEAR(C6)) -> 2019 | B6: =IF(C6>0,VLOOKUP(MONTH($C6),$AJ$3:$AK$14,2,0),0) -> SETEMBRO | C6: 43710 | E6: 2 | F6: 3 | G6: 1080 | I6: 103 | J6: 2860 | K6: =SUM(G6:J6) -> 4043 | L6: =IF(ISERROR(VLOOKUP($F6,#REF!,6,0)*G6/1000),0,VLOOKUP($F6,#REF!,6,0)*G6/1000) -> 0 | M6: =IF(ISERROR(VLOOKUP($F6,#REF!,6,0)*H6/1000),0,VLOOKUP($F6,#REF!,6,0)*H6/1000) -> 0 | N6: =IF(ISERROR(VLOOKUP($F6,#REF!,6,0)*I6/1000),0,VLOOKUP($F6,#REF!,6,0)*I6/1000) -> 0 | O6: =IF(ISERROR(VLOOKUP($F6,#REF!,6,0)*J6/1000),0,VLOOKUP($F6,#REF!,6,0)*J6/1000) -> 0 | P6: =IF(ISERROR(VLOOKUP(F6,#REF!,6,0)*K6/1000),0,VLOOKUP(F6,#REF!,6,0)*K6/1000) -> 0 | Q6: =IF(ISERROR(VLOOKUP(F6,#REF!,3,0)),0,VLOOKUP(F6,#REF!,3,0)) -> 0 | R6: =IF(ISERROR(VLOOKUP(F6,#REF!,4,0)),0,VLOOKUP(F6,#REF!,4,0)) -> 0 | S6: =IF(ISERROR(VLOOKUP(F6,#REF!,4,0)),0,VLOOKUP(F6,#REF!,10,0)/60*K6) -> 0 | AJ6: 4 | AK6: ABRIL
A7: =IF(C7=0,0,YEAR(C7)) -> 2019 | B7: =IF(C7>0,VLOOKUP(MONTH($C7),$AJ$3:$AK$14,2,0),0) -> SETEMBRO | C7: 43710 | E7: 1 | F7: 49 | G7: 406 | K7: =SUM(G7:J7) -> 406 | L7: =IF(ISERROR(VLOOKUP($F7,#REF!,6,0)*G7/1000),0,VLOOKUP($F7,#REF!,6,0)*G7/1000) -> 0 | M7: =IF(ISERROR(VLOOKUP($F7,#REF!,6,0)*H7/1000),0,VLOOKUP($F7,#REF!,6,0)*H7/1000) -> 0 | N7: =IF(ISERROR(VLOOKUP($F7,#REF!,6,0)*I7/1000),0,VLOOKUP($F7,#REF!,6,0)*I7/1000) -> 0 | O7: =IF(ISERROR(VLOOKUP($F7,#REF!,6,0)*J7/1000),0,VLOOKUP($F7,#REF!,6,0)*J7/1000) -> 0 | P7: =IF(ISERROR(VLOOKUP(F7,#REF!,6,0)*K7/1000),0,VLOOKUP(F7,#REF!,6,0)*K7/1000) -> 0 | Q7: =IF(ISERROR(VLOOKUP(F7,#REF!,3,0)),0,VLOOKUP(F7,#REF!,3,0)) -> 0 | R7: =IF(ISERROR(VLOOKUP(F7,#REF!,4,0)),0,VLOOKUP(F7,#REF!,4,0)) -> 0 | S7: =IF(ISERROR(VLOOKUP(F7,#REF!,4,0)),0,VLOOKUP(F7,#REF!,10,0)/60*K7) -> 0 | AJ7: 5 | AK7: MAIO
A8: =IF(C8=0,0,YEAR(C8)) -> 2019 | B8: =IF(C8>0,VLOOKUP(MONTH($C8),$AJ$3:$AK$14,2,0),0) -> SETEMBRO | C8: 43710 | E8: 1 | F8: 43 | G8: 273 | H8: 150 | I8: 90 | K8: =SUM(G8:J8) -> 513 | L8: =IF(ISERROR(VLOOKUP($F8,#REF!,6,0)*G8/1000),0,VLOOKUP($F8,#REF!,6,0)*G8/1000) -> 0 | M8: =IF(ISERROR(VLOOKUP($F8,#REF!,6,0)*H8/1000),0,VLOOKUP($F8,#REF!,6,0)*H8/1000) -> 0 | N8: =IF(ISERROR(VLOOKUP($F8,#REF!,6,0)*I8/1000),0,VLOOKUP($F8,#REF!,6,0)*I8/1000) -> 0 | O8: =IF(ISERROR(VLOOKUP($F8,#REF!,6,0)*J8/1000),0,VLOOKUP($F8,#REF!,6,0)*J8/1000) -> 0 | P8: =IF(ISERROR(VLOOKUP(F8,#REF!,6,0)*K8/1000),0,VLOOKUP(F8,#REF!,6,0)*K8/1000) -> 0 | Q8: =IF(ISERROR(VLOOKUP(F8,#REF!,3,0)),0,VLOOKUP(F8,#REF!,3,0)) -> 0 | R8: =IF(ISERROR(VLOOKUP(F8,#REF!,4,0)),0,VLOOKUP(F8,#REF!,4,0)) -> 0 | S8: =IF(ISERROR(VLOOKUP(F8,#REF!,4,0)),0,VLOOKUP(F8,#REF!,10,0)/60*K8) -> 0 | AJ8: 6 | AK8: JUNHO
A9: =IF(C9=0,0,YEAR(C9)) -> 2019 | B9: =IF(C9>0,VLOOKUP(MONTH($C9),$AJ$3:$AK$14,2,0),0) -> SETEMBRO | C9: 43710 | E9: 1 | F9: 44 | G9: 0 | H9: 80 | K9: =SUM(G9:J9) -> 80 | L9: =IF(ISERROR(VLOOKUP($F9,#REF!,6,0)*G9/1000),0,VLOOKUP($F9,#REF!,6,0)*G9/1000) -> 0 | M9: =IF(ISERROR(VLOOKUP($F9,#REF!,6,0)*H9/1000),0,VLOOKUP($F9,#REF!,6,0)*H9/1000) -> 0 | N9: =IF(ISERROR(VLOOKUP($F9,#REF!,6,0)*I9/1000),0,VLOOKUP($F9,#REF!,6,0)*I9/1000) -> 0 | O9: =IF(ISERROR(VLOOKUP($F9,#REF!,6,0)*J9/1000),0,VLOOKUP($F9,#REF!,6,0)*J9/1000) -> 0 | P9: =IF(ISERROR(VLOOKUP(F9,#REF!,6,0)*K9/1000),0,VLOOKUP(F9,#REF!,6,0)*K9/1000) -> 0 | Q9: =IF(ISERROR(VLOOKUP(F9,#REF!,3,0)),0,VLOOKUP(F9,#REF!,3,0)) -> 0 | R9: =IF(ISERROR(VLOOKUP(F9,#REF!,4,0)),0,VLOOKUP(F9,#REF!,4,0)) -> 0 | S9: =IF(ISERROR(VLOOKUP(F9,#REF!,4,0)),0,VLOOKUP(F9,#REF!,10,0)/60*K9) -> 0 | AJ9: 7 | AK9: JULHO
A10: =IF(C10=0,0,YEAR(C10)) -> 2019 | B10: =IF(C10>0,VLOOKUP(MONTH($C10),$AJ$3:$AK$14,2,0),0) -> SETEMBRO | C10: 43710 | E10: 1 | F10: 12 | G10: 739 | I10: 219 | K10: =SUM(G10:J10) -> 958 | L10: =IF(ISERROR(VLOOKUP($F10,#REF!,6,0)*G10/1000),0,VLOOKUP($F10,#REF!,6,0)*G10/1000) -> 0 | M10: =IF(ISERROR(VLOOKUP($F10,#REF!,6,0)*H10/1000),0,VLOOKUP($F10,#REF!,6,0)*H10/1000) -> 0 | N10: =IF(ISERROR(VLOOKUP($F10,#REF!,6,0)*I10/1000),0,VLOOKUP($F10,#REF!,6,0)*I10/1000) -> 0 | O10: =IF(ISERROR(VLOOKUP($F10,#REF!,6,0)*J10/1000),0,VLOOKUP($F10,#REF!,6,0)*J10/1000) -> 0 | P10: =IF(ISERROR(VLOOKUP(F10,#REF!,6,0)*K10/1000),0,VLOOKUP(F10,#REF!,6,0)*K10/1000) -> 0 | Q10: =IF(ISERROR(VLOOKUP(F10,#REF!,3,0)),0,VLOOKUP(F10,#REF!,3,0)) -> 0 | R10: =IF(ISERROR(VLOOKUP(F10,#REF!,4,0)),0,VLOOKUP(F10,#REF!,4,0)) -> 0 | S10: =IF(ISERROR(VLOOKUP(F10,#REF!,4,0)),0,VLOOKUP(F10,#REF!,10,0)/60*K10) -> 0 | AJ10: 8 | AK10: AGOSTO
A11: =IF(C11=0,0,YEAR(C11)) -> 2019 | B11: =IF(C11>0,VLOOKUP(MONTH($C11),$AJ$3:$AK$14,2,0),0) -> SETEMBRO | C11: 43710 | E11: 2 | F11: 50 | G11: 595 | K11: =SUM(G11:J11) -> 595 | L11: =IF(ISERROR(VLOOKUP($F11,#REF!,6,0)*G11/1000),0,VLOOKUP($F11,#REF!,6,0)*G11/1000) -> 0 | M11: =IF(ISERROR(VLOOKUP($F11,#REF!,6,0)*H11/1000),0,VLOOKUP($F11,#REF!,6,0)*H11/1000) -> 0 | N11: =IF(ISERROR(VLOOKUP($F11,#REF!,6,0)*I11/1000),0,VLOOKUP($F11,#REF!,6,0)*I11/1000) -> 0 | O11: =IF(ISERROR(VLOOKUP($F11,#REF!,6,0)*J11/1000),0,VLOOKUP($F11,#REF!,6,0)*J11/1000) -> 0 | P11: =IF(ISERROR(VLOOKUP(F11,#REF!,6,0)*K11/1000),0,VLOOKUP(F11,#REF!,6,0)*K11/1000) -> 0 | Q11: =IF(ISERROR(VLOOKUP(F11,#REF!,3,0)),0,VLOOKUP(F11,#REF!,3,0)) -> 0 | R11: =IF(ISERROR(VLOOKUP(F11,#REF!,4,0)),0,VLOOKUP(F11,#REF!,4,0)) -> 0 | S11: =IF(ISERROR(VLOOKUP(F11,#REF!,4,0)),0,VLOOKUP(F11,#REF!,10,0)/60*K11) -> 0 | AJ11: 9 | AK11: SETEMBRO
A12: =IF(C12=0,0,YEAR(C12)) -> 2019 | B12: =IF(C12>0,VLOOKUP(MONTH($C12),$AJ$3:$AK$14,2,0),0) -> SETEMBRO | C12: 43710 | E12: 2 | F12: 49 | G12: 249 | K12: =SUM(G12:J12) -> 249 | L12: =IF(ISERROR(VLOOKUP($F12,#REF!,6,0)*G12/1000),0,VLOOKUP($F12,#REF!,6,0)*G12/1000) -> 0 | M12: =IF(ISERROR(VLOOKUP($F12,#REF!,6,0)*H12/1000),0,VLOOKUP($F12,#REF!,6,0)*H12/1000) -> 0 | N12: =IF(ISERROR(VLOOKUP($F12,#REF!,6,0)*I12/1000),0,VLOOKUP($F12,#REF!,6,0)*I12/1000) -> 0 | O12: =IF(ISERROR(VLOOKUP($F12,#REF!,6,0)*J12/1000),0,VLOOKUP($F12,#REF!,6,0)*J12/1000) -> 0 | P12: =IF(ISERROR(VLOOKUP(F12,#REF!,6,0)*K12/1000),0,VLOOKUP(F12,#REF!,6,0)*K12/1000) -> 0 | Q12: =IF(ISERROR(VLOOKUP(F12,#REF!,3,0)),0,VLOOKUP(F12,#REF!,3,0)) -> 0 | R12: =IF(ISERROR(VLOOKUP(F12,#REF!,4,0)),0,VLOOKUP(F12,#REF!,4,0)) -> 0 | S12: =IF(ISERROR(VLOOKUP(F12,#REF!,4,0)),0,VLOOKUP(F12,#REF!,10,0)/60*K12) -> 0 | AJ12: 10 | AK12: OUTUBRO
A13: =IF(C13=0,0,YEAR(C13)) -> 2019 | B13: =IF(C13>0,VLOOKUP(MONTH($C13),$AJ$3:$AK$14,2,0),0) -> SETEMBRO | C13: 43710 | E13: 2 | F13: 44 | G13: 655 | H13: 317 | I13: 299 | K13: =SUM(G13:J13) -> 1271 | L13: =IF(ISERROR(VLOOKUP($F13,#REF!,6,0)*G13/1000),0,VLOOKUP($F13,#REF!,6,0)*G13/1000) -> 0 | M13: =IF(ISERROR(VLOOKUP($F13,#REF!,6,0)*H13/1000),0,VLOOKUP($F13,#REF!,6,0)*H13/1000) -> 0 | N13: =IF(ISERROR(VLOOKUP($F13,#REF!,6,0)*I13/1000),0,VLOOKUP($F13,#REF!,6,0)*I13/1000) -> 0 | O13: =IF(ISERROR(VLOOKUP($F13,#REF!,6,0)*J13/1000),0,VLOOKUP($F13,#REF!,6,0)*J13/1000) -> 0 | P13: =IF(ISERROR(VLOOKUP(F13,#REF!,6,0)*K13/1000),0,VLOOKUP(F13,#REF!,6,0)*K13/1000) -> 0 | Q13: =IF(ISERROR(VLOOKUP(F13,#REF!,3,0)),0,VLOOKUP(F13,#REF!,3,0)) -> 0 | R13: =IF(ISERROR(VLOOKUP(F13,#REF!,4,0)),0,VLOOKUP(F13,#REF!,4,0)) -> 0 | S13: =IF(ISERROR(VLOOKUP(F13,#REF!,4,0)),0,VLOOKUP(F13,#REF!,10,0)/60*K13) -> 0 | AJ13: 11 | AK13: NOVEMBRO
A14: =IF(C14=0,0,YEAR(C14)) -> 2019 | B14: =IF(C14>0,VLOOKUP(MONTH($C14),$AJ$3:$AK$14,2,0),0) -> SETEMBRO | C14: 43710 | E14: 3 | F14: 3 | G14: 635 | I14: 5 | J14: 100 | K14: =SUM(G14:J14) -> 740 | L14: =IF(ISERROR(VLOOKUP($F14,#REF!,6,0)*G14/1000),0,VLOOKUP($F14,#REF!,6,0)*G14/1000) -> 0 | M14: =IF(ISERROR(VLOOKUP($F14,#REF!,6,0)*H14/1000),0,VLOOKUP($F14,#REF!,6,0)*H14/1000) -> 0 | N14: =IF(ISERROR(VLOOKUP($F14,#REF!,6,0)*I14/1000),0,VLOOKUP($F14,#REF!,6,0)*I14/1000) -> 0 | O14: =IF(ISERROR(VLOOKUP($F14,#REF!,6,0)*J14/1000),0,VLOOKUP($F14,#REF!,6,0)*J14/1000) -> 0 | P14: =IF(ISERROR(VLOOKUP(F14,#REF!,6,0)*K14/1000),0,VLOOKUP(F14,#REF!,6,0)*K14/1000) -> 0 | Q14: =IF(ISERROR(VLOOKUP(F14,#REF!,3,0)),0,VLOOKUP(F14,#REF!,3,0)) -> 0 | R14: =IF(ISERROR(VLOOKUP(F14,#REF!,4,0)),0,VLOOKUP(F14,#REF!,4,0)) -> 0 | S14: =IF(ISERROR(VLOOKUP(F14,#REF!,4,0)),0,VLOOKUP(F14,#REF!,10,0)/60*K14) -> 0 | AJ14: 12 | AK14: DEZEMBRO
A15: =IF(C15=0,0,YEAR(C15)) -> 2019 | B15: =IF(C15>0,VLOOKUP(MONTH($C15),$AJ$3:$AK$14,2,0),0) -> SETEMBRO | C15: 43711 | E15: 1 | F15: 3 | G15: 1080 | I15: 30 | J15: 250 | K15: =SUM(G15:J15) -> 1360 | L15: =IF(ISERROR(VLOOKUP($F15,#REF!,6,0)*G15/1000),0,VLOOKUP($F15,#REF!,6,0)*G15/1000) -> 0 | M15: =IF(ISERROR(VLOOKUP($F15,#REF!,6,0)*H15/1000),0,VLOOKUP($F15,#REF!,6,0)*H15/1000) -> 0 | N15: =IF(ISERROR(VLOOKUP($F15,#REF!,6,0)*I15/1000),0,VLOOKUP($F15,#REF!,6,0)*I15/1000) -> 0 | O15: =IF(ISERROR(VLOOKUP($F15,#REF!,6,0)*J15/1000),0,VLOOKUP($F15,#REF!,6,0)*J15/1000) -> 0 | P15: =IF(ISERROR(VLOOKUP(F15,#REF!,6,0)*K15/1000),0,VLOOKUP(F15,#REF!,6,0)*K15/1000) -> 0 | Q15: =IF(ISERROR(VLOOKUP(F15,#REF!,3,0)),0,VLOOKUP(F15,#REF!,3,0)) -> 0 | R15: =IF(ISERROR(VLOOKUP(F15,#REF!,4,0)),0,VLOOKUP(F15,#REF!,4,0)) -> 0 | S15: =IF(ISERROR(VLOOKUP(F15,#REF!,4,0)),0,VLOOKUP(F15,#REF!,10,0)/60*K15) -> 0
A16: =IF(C16=0,0,YEAR(C16)) -> 2019 | B16: =IF(C16>0,VLOOKUP(MONTH($C16),$AJ$3:$AK$14,2,0),0) -> SETEMBRO | C16: 43711 | E16: 1 | F16: 49 | G16: 320 | K16: =SUM(G16:J16) -> 320 | L16: =IF(ISERROR(VLOOKUP($F16,#REF!,6,0)*G16/1000),0,VLOOKUP($F16,#REF!,6,0)*G16/1000) -> 0 | M16: =IF(ISERROR(VLOOKUP($F16,#REF!,6,0)*H16/1000),0,VLOOKUP($F16,#REF!,6,0)*H16/1000) -> 0 | N16: =IF(ISERROR(VLOOKUP($F16,#REF!,6,0)*I16/1000),0,VLOOKUP($F16,#REF!,6,0)*I16/1000) -> 0 | O16: =IF(ISERROR(VLOOKUP($F16,#REF!,6,0)*J16/1000),0,VLOOKUP($F16,#REF!,6,0)*J16/1000) -> 0 | P16: =IF(ISERROR(VLOOKUP(F16,#REF!,6,0)*K16/1000),0,VLOOKUP(F16,#REF!,6,0)*K16/1000) -> 0 | Q16: =IF(ISERROR(VLOOKUP(F16,#REF!,3,0)),0,VLOOKUP(F16,#REF!,3,0)) -> 0 | R16: =IF(ISERROR(VLOOKUP(F16,#REF!,4,0)),0,VLOOKUP(F16,#REF!,4,0)) -> 0 | S16: =IF(ISERROR(VLOOKUP(F16,#REF!,4,0)),0,VLOOKUP(F16,#REF!,10,0)/60*K16) -> 0
A17: =IF(C17=0,0,YEAR(C17)) -> 2019 | B17: =IF(C17>0,VLOOKUP(MONTH($C17),$AJ$3:$AK$14,2,0),0) -> SETEMBRO | C17: 43711 | E17: 1 | F17: 44 | G17: 204 | K17: =SUM(G17:J17) -> 204 | L17: =IF(ISERROR(VLOOKUP($F17,#REF!,6,0)*G17/1000),0,VLOOKUP($F17,#REF!,6,0)*G17/1000) -> 0 | M17: =IF(ISERROR(VLOOKUP($F17,#REF!,6,0)*H17/1000),0,VLOOKUP($F17,#REF!,6,0)*H17/1000) -> 0 | N17: =IF(ISERROR(VLOOKUP($F17,#REF!,6,0)*I17/1000),0,VLOOKUP($F17,#REF!,6,0)*I17/1000) -> 0 | O17: =IF(ISERROR(VLOOKUP($F17,#REF!,6,0)*J17/1000),0,VLOOKUP($F17,#REF!,6,0)*J17/1000) -> 0 | P17: =IF(ISERROR(VLOOKUP(F17,#REF!,6,0)*K17/1000),0,VLOOKUP(F17,#REF!,6,0)*K17/1000) -> 0 | Q17: =IF(ISERROR(VLOOKUP(F17,#REF!,3,0)),0,VLOOKUP(F17,#REF!,3,0)) -> 0 | R17: =IF(ISERROR(VLOOKUP(F17,#REF!,4,0)),0,VLOOKUP(F17,#REF!,4,0)) -> 0 | S17: =IF(ISERROR(VLOOKUP(F17,#REF!,4,0)),0,VLOOKUP(F17,#REF!,10,0)/60*K17) -> 0
A18: =IF(C18=0,0,YEAR(C18)) -> 2019 | B18: =IF(C18>0,VLOOKUP(MONTH($C18),$AJ$3:$AK$14,2,0),0) -> SETEMBRO | C18: 43711 | E18: 1 | F18: 51 | G18: 565 | H18: 150 | K18: =SUM(G18:J18) -> 715 | L18: =IF(ISERROR(VLOOKUP($F18,#REF!,6,0)*G18/1000),0,VLOOKUP($F18,#REF!,6,0)*G18/1000) -> 0 | M18: =IF(ISERROR(VLOOKUP($F18,#REF!,6,0)*H18/1000),0,VLOOKUP($F18,#REF!,6,0)*H18/1000) -> 0 | N18: =IF(ISERROR(VLOOKUP($F18,#REF!,6,0)*I18/1000),0,VLOOKUP($F18,#REF!,6,0)*I18/1000) -> 0 | O18: =IF(ISERROR(VLOOKUP($F18,#REF!,6,0)*J18/1000),0,VLOOKUP($F18,#REF!,6,0)*J18/1000) -> 0 | P18: =IF(ISERROR(VLOOKUP(F18,#REF!,6,0)*K18/1000),0,VLOOKUP(F18,#REF!,6,0)*K18/1000) -> 0 | Q18: =IF(ISERROR(VLOOKUP(F18,#REF!,3,0)),0,VLOOKUP(F18,#REF!,3,0)) -> 0 | R18: =IF(ISERROR(VLOOKUP(F18,#REF!,4,0)),0,VLOOKUP(F18,#REF!,4,0)) -> 0 | S18: =IF(ISERROR(VLOOKUP(F18,#REF!,4,0)),0,VLOOKUP(F18,#REF!,10,0)/60*K18) -> 0
A19: =IF(C19=0,0,YEAR(C19)) -> 2019 | B19: =IF(C19>0,VLOOKUP(MONTH($C19),$AJ$3:$AK$14,2,0),0) -> SETEMBRO | C19: 43711 | E19: 1 | F19: 11 | G19: 631 | K19: =SUM(G19:J19) -> 631 | L19: =IF(ISERROR(VLOOKUP($F19,#REF!,6,0)*G19/1000),0,VLOOKUP($F19,#REF!,6,0)*G19/1000) -> 0 | M19: =IF(ISERROR(VLOOKUP($F19,#REF!,6,0)*H19/1000),0,VLOOKUP($F19,#REF!,6,0)*H19/1000) -> 0 | N19: =IF(ISERROR(VLOOKUP($F19,#REF!,6,0)*I19/1000),0,VLOOKUP($F19,#REF!,6,0)*I19/1000) -> 0 | O19: =IF(ISERROR(VLOOKUP($F19,#REF!,6,0)*J19/1000),0,VLOOKUP($F19,#REF!,6,0)*J19/1000) -> 0 | P19: =IF(ISERROR(VLOOKUP(F19,#REF!,6,0)*K19/1000),0,VLOOKUP(F19,#REF!,6,0)*K19/1000) -> 0 | Q19: =IF(ISERROR(VLOOKUP(F19,#REF!,3,0)),0,VLOOKUP(F19,#REF!,3,0)) -> 0 | R19: =IF(ISERROR(VLOOKUP(F19,#REF!,4,0)),0,VLOOKUP(F19,#REF!,4,0)) -> 0 | S19: =IF(ISERROR(VLOOKUP(F19,#REF!,4,0)),0,VLOOKUP(F19,#REF!,10,0)/60*K19) -> 0
A20: =IF(C20=0,0,YEAR(C20)) -> 2019 | B20: =IF(C20>0,VLOOKUP(MONTH($C20),$AJ$3:$AK$14,2,0),0) -> SETEMBRO | C20: 43711 | E20: 2 | F20: 50 | I20: 601 | K20: =SUM(G20:J20) -> 601 | L20: =IF(ISERROR(VLOOKUP($F20,#REF!,6,0)*G20/1000),0,VLOOKUP($F20,#REF!,6,0)*G20/1000) -> 0 | M20: =IF(ISERROR(VLOOKUP($F20,#REF!,6,0)*H20/1000),0,VLOOKUP($F20,#REF!,6,0)*H20/1000) -> 0 | N20: =IF(ISERROR(VLOOKUP($F20,#REF!,6,0)*I20/1000),0,VLOOKUP($F20,#REF!,6,0)*I20/1000) -> 0 | O20: =IF(ISERROR(VLOOKUP($F20,#REF!,6,0)*J20/1000),0,VLOOKUP($F20,#REF!,6,0)*J20/1000) -> 0 | P20: =IF(ISERROR(VLOOKUP(F20,#REF!,6,0)*K20/1000),0,VLOOKUP(F20,#REF!,6,0)*K20/1000) -> 0 | Q20: =IF(ISERROR(VLOOKUP(F20,#REF!,3,0)),0,VLOOKUP(F20,#REF!,3,0)) -> 0 | R20: =IF(ISERROR(VLOOKUP(F20,#REF!,4,0)),0,VLOOKUP(F20,#REF!,4,0)) -> 0 | S20: =IF(ISERROR(VLOOKUP(F20,#REF!,4,0)),0,VLOOKUP(F20,#REF!,10,0)/60*K20) -> 0
A21: =IF(C21=0,0,YEAR(C21)) -> 2019 | B21: =IF(C21>0,VLOOKUP(MONTH($C21),$AJ$3:$AK$14,2,0),0) -> SETEMBRO | C21: 43711 | E21: 2 | F21: 49 | H21: 455 | I21: 508 | K21: =SUM(G21:J21) -> 963 | L21: =IF(ISERROR(VLOOKUP($F21,#REF!,6,0)*G21/1000),0,VLOOKUP($F21,#REF!,6,0)*G21/1000) -> 0 | M21: =IF(ISERROR(VLOOKUP($F21,#REF!,6,0)*H21/1000),0,VLOOKUP($F21,#REF!,6,0)*H21/1000) -> 0 | N21: =IF(ISERROR(VLOOKUP($F21,#REF!,6,0)*I21/1000),0,VLOOKUP($F21,#REF!,6,0)*I21/1000) -> 0 | O21: =IF(ISERROR(VLOOKUP($F21,#REF!,6,0)*J21/1000),0,VLOOKUP($F21,#REF!,6,0)*J21/1000) -> 0 | P21: =IF(ISERROR(VLOOKUP(F21,#REF!,6,0)*K21/1000),0,VLOOKUP(F21,#REF!,6,0)*K21/1000) -> 0 | Q21: =IF(ISERROR(VLOOKUP(F21,#REF!,3,0)),0,VLOOKUP(F21,#REF!,3,0)) -> 0 | R21: =IF(ISERROR(VLOOKUP(F21,#REF!,4,0)),0,VLOOKUP(F21,#REF!,4,0)) -> 0 | S21: =IF(ISERROR(VLOOKUP(F21,#REF!,4,0)),0,VLOOKUP(F21,#REF!,10,0)/60*K21) -> 0
A22: =IF(C22=0,0,YEAR(C22)) -> 2019 | B22: =IF(C22>0,VLOOKUP(MONTH($C22),$AJ$3:$AK$14,2,0),0) -> SETEMBRO | C22: 43711 | E22: 2 | F22: 44 | H22: 279 | I22: 293 | K22: =SUM(G22:J22) -> 572 | L22: =IF(ISERROR(VLOOKUP($F22,#REF!,6,0)*G22/1000),0,VLOOKUP($F22,#REF!,6,0)*G22/1000) -> 0 | M22: =IF(ISERROR(VLOOKUP($F22,#REF!,6,0)*H22/1000),0,VLOOKUP($F22,#REF!,6,0)*H22/1000) -> 0 | N22: =IF(ISERROR(VLOOKUP($F22,#REF!,6,0)*I22/1000),0,VLOOKUP($F22,#REF!,6,0)*I22/1000) -> 0 | O22: =IF(ISERROR(VLOOKUP($F22,#REF!,6,0)*J22/1000),0,VLOOKUP($F22,#REF!,6,0)*J22/1000) -> 0 | P22: =IF(ISERROR(VLOOKUP(F22,#REF!,6,0)*K22/1000),0,VLOOKUP(F22,#REF!,6,0)*K22/1000) -> 0 | Q22: =IF(ISERROR(VLOOKUP(F22,#REF!,3,0)),0,VLOOKUP(F22,#REF!,3,0)) -> 0 | R22: =IF(ISERROR(VLOOKUP(F22,#REF!,4,0)),0,VLOOKUP(F22,#REF!,4,0)) -> 0 | S22: =IF(ISERROR(VLOOKUP(F22,#REF!,4,0)),0,VLOOKUP(F22,#REF!,10,0)/60*K22) -> 0
A23: =IF(C23=0,0,YEAR(C23)) -> 2019 | B23: =IF(C23>0,VLOOKUP(MONTH($C23),$AJ$3:$AK$14,2,0),0) -> SETEMBRO | C23: 43711 | E23: 2 | F23: 51 | G23: 628 | K23: =SUM(G23:J23) -> 628 | L23: =IF(ISERROR(VLOOKUP($F23,#REF!,6,0)*G23/1000),0,VLOOKUP($F23,#REF!,6,0)*G23/1000) -> 0 | M23: =IF(ISERROR(VLOOKUP($F23,#REF!,6,0)*H23/1000),0,VLOOKUP($F23,#REF!,6,0)*H23/1000) -> 0 | N23: =IF(ISERROR(VLOOKUP($F23,#REF!,6,0)*I23/1000),0,VLOOKUP($F23,#REF!,6,0)*I23/1000) -> 0 | O23: =IF(ISERROR(VLOOKUP($F23,#REF!,6,0)*J23/1000),0,VLOOKUP($F23,#REF!,6,0)*J23/1000) -> 0 | P23: =IF(ISERROR(VLOOKUP(F23,#REF!,6,0)*K23/1000),0,VLOOKUP(F23,#REF!,6,0)*K23/1000) -> 0 | Q23: =IF(ISERROR(VLOOKUP(F23,#REF!,3,0)),0,VLOOKUP(F23,#REF!,3,0)) -> 0 | R23: =IF(ISERROR(VLOOKUP(F23,#REF!,4,0)),0,VLOOKUP(F23,#REF!,4,0)) -> 0 | S23: =IF(ISERROR(VLOOKUP(F23,#REF!,4,0)),0,VLOOKUP(F23,#REF!,10,0)/60*K23) -> 0
A24: =IF(C24=0,0,YEAR(C24)) -> 2019 | B24: =IF(C24>0,VLOOKUP(MONTH($C24),$AJ$3:$AK$14,2,0),0) -> SETEMBRO | C24: 43711 | E24: 3 | F24: 3 | G24: 1060 | I24: 7 | J24: 90 | K24: =SUM(G24:J24) -> 1157 | L24: =IF(ISERROR(VLOOKUP($F24,#REF!,6,0)*G24/1000),0,VLOOKUP($F24,#REF!,6,0)*G24/1000) -> 0 | M24: =IF(ISERROR(VLOOKUP($F24,#REF!,6,0)*H24/1000),0,VLOOKUP($F24,#REF!,6,0)*H24/1000) -> 0 | N24: =IF(ISERROR(VLOOKUP($F24,#REF!,6,0)*I24/1000),0,VLOOKUP($F24,#REF!,6,0)*I24/1000) -> 0 | O24: =IF(ISERROR(VLOOKUP($F24,#REF!,6,0)*J24/1000),0,VLOOKUP($F24,#REF!,6,0)*J24/1000) -> 0 | P24: =IF(ISERROR(VLOOKUP(F24,#REF!,6,0)*K24/1000),0,VLOOKUP(F24,#REF!,6,0)*K24/1000) -> 0 | Q24: =IF(ISERROR(VLOOKUP(F24,#REF!,3,0)),0,VLOOKUP(F24,#REF!,3,0)) -> 0 | R24: =IF(ISERROR(VLOOKUP(F24,#REF!,4,0)),0,VLOOKUP(F24,#REF!,4,0)) -> 0 | S24: =IF(ISERROR(VLOOKUP(F24,#REF!,4,0)),0,VLOOKUP(F24,#REF!,10,0)/60*K24) -> 0
A25: =IF(C25=0,0,YEAR(C25)) -> 2019 | B25: =IF(C25>0,VLOOKUP(MONTH($C25),$AJ$3:$AK$14,2,0),0) -> SETEMBRO | C25: 43711 | E25: 3 | F25: 45 | G25: 1000 | I25: 90 | K25: =SUM(G25:J25) -> 1090 | L25: =IF(ISERROR(VLOOKUP($F25,#REF!,6,0)*G25/1000),0,VLOOKUP($F25,#REF!,6,0)*G25/1000) -> 0 | M25: =IF(ISERROR(VLOOKUP($F25,#REF!,6,0)*H25/1000),0,VLOOKUP($F25,#REF!,6,0)*H25/1000) -> 0 | N25: =IF(ISERROR(VLOOKUP($F25,#REF!,6,0)*I25/1000),0,VLOOKUP($F25,#REF!,6,0)*I25/1000) -> 0 | O25: =IF(ISERROR(VLOOKUP($F25,#REF!,6,0)*J25/1000),0,VLOOKUP($F25,#REF!,6,0)*J25/1000) -> 0 | P25: =IF(ISERROR(VLOOKUP(F25,#REF!,6,0)*K25/1000),0,VLOOKUP(F25,#REF!,6,0)*K25/1000) -> 0 | Q25: =IF(ISERROR(VLOOKUP(F25,#REF!,3,0)),0,VLOOKUP(F25,#REF!,3,0)) -> 0 | R25: =IF(ISERROR(VLOOKUP(F25,#REF!,4,0)),0,VLOOKUP(F25,#REF!,4,0)) -> 0 | S25: =IF(ISERROR(VLOOKUP(F25,#REF!,4,0)),0,VLOOKUP(F25,#REF!,10,0)/60*K25) -> 0
A26: =IF(C26=0,0,YEAR(C26)) -> 2019 | B26: =IF(C26>0,VLOOKUP(MONTH($C26),$AJ$3:$AK$14,2,0),0) -> SETEMBRO | C26: 43712 | E26: 1 | F26: 3 | G26: 432 | I26: 15 | K26: =SUM(G26:J26) -> 447 | L26: =IF(ISERROR(VLOOKUP($F26,#REF!,6,0)*G26/1000),0,VLOOKUP($F26,#REF!,6,0)*G26/1000) -> 0 | M26: =IF(ISERROR(VLOOKUP($F26,#REF!,6,0)*H26/1000),0,VLOOKUP($F26,#REF!,6,0)*H26/1000) -> 0 | N26: =IF(ISERROR(VLOOKUP($F26,#REF!,6,0)*I26/1000),0,VLOOKUP($F26,#REF!,6,0)*I26/1000) -> 0 | O26: =IF(ISERROR(VLOOKUP($F26,#REF!,6,0)*J26/1000),0,VLOOKUP($F26,#REF!,6,0)*J26/1000) -> 0 | P26: =IF(ISERROR(VLOOKUP(F26,#REF!,6,0)*K26/1000),0,VLOOKUP(F26,#REF!,6,0)*K26/1000) -> 0 | Q26: =IF(ISERROR(VLOOKUP(F26,#REF!,3,0)),0,VLOOKUP(F26,#REF!,3,0)) -> 0 | R26: =IF(ISERROR(VLOOKUP(F26,#REF!,4,0)),0,VLOOKUP(F26,#REF!,4,0)) -> 0 | S26: =IF(ISERROR(VLOOKUP(F26,#REF!,4,0)),0,VLOOKUP(F26,#REF!,10,0)/60*K26) -> 0
A27: =IF(C27=0,0,YEAR(C27)) -> 2019 | B27: =IF(C27>0,VLOOKUP(MONTH($C27),$AJ$3:$AK$14,2,0),0) -> SETEMBRO | C27: 43712 | E27: 1 | F27: 33 | G27: 576 | H27: 60 | I27: 20 | K27: =SUM(G27:J27) -> 656 | L27: =IF(ISERROR(VLOOKUP($F27,#REF!,6,0)*G27/1000),0,VLOOKUP($F27,#REF!,6,0)*G27/1000) -> 0 | M27: =IF(ISERROR(VLOOKUP($F27,#REF!,6,0)*H27/1000),0,VLOOKUP($F27,#REF!,6,0)*H27/1000) -> 0 | N27: =IF(ISERROR(VLOOKUP($F27,#REF!,6,0)*I27/1000),0,VLOOKUP($F27,#REF!,6,0)*I27/1000) -> 0 | O27: =IF(ISERROR(VLOOKUP($F27,#REF!,6,0)*J27/1000),0,VLOOKUP($F27,#REF!,6,0)*J27/1000) -> 0 | P27: =IF(ISERROR(VLOOKUP(F27,#REF!,6,0)*K27/1000),0,VLOOKUP(F27,#REF!,6,0)*K27/1000) -> 0 | Q27: =IF(ISERROR(VLOOKUP(F27,#REF!,3,0)),0,VLOOKUP(F27,#REF!,3,0)) -> 0 | R27: =IF(ISERROR(VLOOKUP(F27,#REF!,4,0)),0,VLOOKUP(F27,#REF!,4,0)) -> 0 | S27: =IF(ISERROR(VLOOKUP(F27,#REF!,4,0)),0,VLOOKUP(F27,#REF!,10,0)/60*K27) -> 0
A28: =IF(C28=0,0,YEAR(C28)) -> 2019 | B28: =IF(C28>0,VLOOKUP(MONTH($C28),$AJ$3:$AK$14,2,0),0) -> SETEMBRO | C28: 43712 | E28: 1 | F28: 32 | G28: 2482 | H28: 1350 | I28: 50 | K28: =SUM(G28:J28) -> 3882 | L28: =IF(ISERROR(VLOOKUP($F28,#REF!,6,0)*G28/1000),0,VLOOKUP($F28,#REF!,6,0)*G28/1000) -> 0 | M28: =IF(ISERROR(VLOOKUP($F28,#REF!,6,0)*H28/1000),0,VLOOKUP($F28,#REF!,6,0)*H28/1000) -> 0 | N28: =IF(ISERROR(VLOOKUP($F28,#REF!,6,0)*I28/1000),0,VLOOKUP($F28,#REF!,6,0)*I28/1000) -> 0 | O28: =IF(ISERROR(VLOOKUP($F28,#REF!,6,0)*J28/1000),0,VLOOKUP($F28,#REF!,6,0)*J28/1000) -> 0 | P28: =IF(ISERROR(VLOOKUP(F28,#REF!,6,0)*K28/1000),0,VLOOKUP(F28,#REF!,6,0)*K28/1000) -> 0 | Q28: =IF(ISERROR(VLOOKUP(F28,#REF!,3,0)),0,VLOOKUP(F28,#REF!,3,0)) -> 0 | R28: =IF(ISERROR(VLOOKUP(F28,#REF!,4,0)),0,VLOOKUP(F28,#REF!,4,0)) -> 0 | S28: =IF(ISERROR(VLOOKUP(F28,#REF!,4,0)),0,VLOOKUP(F28,#REF!,10,0)/60*K28) -> 0
A29: =IF(C29=0,0,YEAR(C29)) -> 2019 | B29: =IF(C29>0,VLOOKUP(MONTH($C29),$AJ$3:$AK$14,2,0),0) -> SETEMBRO | C29: 43712 | E29: 2 | F29: 32 | G29: 3120 | H29: 1250 | I29: 120 | K29: =SUM(G29:J29) -> 4490 | L29: =IF(ISERROR(VLOOKUP($F29,#REF!,6,0)*G29/1000),0,VLOOKUP($F29,#REF!,6,0)*G29/1000) -> 0 | M29: =IF(ISERROR(VLOOKUP($F29,#REF!,6,0)*H29/1000),0,VLOOKUP($F29,#REF!,6,0)*H29/1000) -> 0 | N29: =IF(ISERROR(VLOOKUP($F29,#REF!,6,0)*I29/1000),0,VLOOKUP($F29,#REF!,6,0)*I29/1000) -> 0 | O29: =IF(ISERROR(VLOOKUP($F29,#REF!,6,0)*J29/1000),0,VLOOKUP($F29,#REF!,6,0)*J29/1000) -> 0 | P29: =IF(ISERROR(VLOOKUP(F29,#REF!,6,0)*K29/1000),0,VLOOKUP(F29,#REF!,6,0)*K29/1000) -> 0 | Q29: =IF(ISERROR(VLOOKUP(F29,#REF!,3,0)),0,VLOOKUP(F29,#REF!,3,0)) -> 0 | R29: =IF(ISERROR(VLOOKUP(F29,#REF!,4,0)),0,VLOOKUP(F29,#REF!,4,0)) -> 0 | S29: =IF(ISERROR(VLOOKUP(F29,#REF!,4,0)),0,VLOOKUP(F29,#REF!,10,0)/60*K29) -> 0
A30: =IF(C30=0,0,YEAR(C30)) -> 2019 | B30: =IF(C30>0,VLOOKUP(MONTH($C30),$AJ$3:$AK$14,2,0),0) -> SETEMBRO | C30: 43712 | E30: 1 | F30: 50 | G30: 576 | K30: =SUM(G30:J30) -> 576 | L30: =IF(ISERROR(VLOOKUP($F30,#REF!,6,0)*G30/1000),0,VLOOKUP($F30,#REF!,6,0)*G30/1000) -> 0 | M30: =IF(ISERROR(VLOOKUP($F30,#REF!,6,0)*H30/1000),0,VLOOKUP($F30,#REF!,6,0)*H30/1000) -> 0 | N30: =IF(ISERROR(VLOOKUP($F30,#REF!,6,0)*I30/1000),0,VLOOKUP($F30,#REF!,6,0)*I30/1000) -> 0 | O30: =IF(ISERROR(VLOOKUP($F30,#REF!,6,0)*J30/1000),0,VLOOKUP($F30,#REF!,6,0)*J30/1000) -> 0 | P30: =IF(ISERROR(VLOOKUP(F30,#REF!,6,0)*K30/1000),0,VLOOKUP(F30,#REF!,6,0)*K30/1000) -> 0 | Q30: =IF(ISERROR(VLOOKUP(F30,#REF!,3,0)),0,VLOOKUP(F30,#REF!,3,0)) -> 0 | R30: =IF(ISERROR(VLOOKUP(F30,#REF!,4,0)),0,VLOOKUP(F30,#REF!,4,0)) -> 0 | S30: =IF(ISERROR(VLOOKUP(F30,#REF!,4,0)),0,VLOOKUP(F30,#REF!,10,0)/60*K30) -> 0
A31: =IF(C31=0,0,YEAR(C31)) -> 2019 | B31: =IF(C31>0,VLOOKUP(MONTH($C31),$AJ$3:$AK$14,2,0),0) -> SETEMBRO | C31: 43712 | E31: 1 | F31: 49 | G31: 422 | K31: =SUM(G31:J31) -> 422 | L31: =IF(ISERROR(VLOOKUP($F31,#REF!,6,0)*G31/1000),0,VLOOKUP($F31,#REF!,6,0)*G31/1000) -> 0 | M31: =IF(ISERROR(VLOOKUP($F31,#REF!,6,0)*H31/1000),0,VLOOKUP($F31,#REF!,6,0)*H31/1000) -> 0 | N31: =IF(ISERROR(VLOOKUP($F31,#REF!,6,0)*I31/1000),0,VLOOKUP($F31,#REF!,6,0)*I31/1000) -> 0 | O31: =IF(ISERROR(VLOOKUP($F31,#REF!,6,0)*J31/1000),0,VLOOKUP($F31,#REF!,6,0)*J31/1000) -> 0 | P31: =IF(ISERROR(VLOOKUP(F31,#REF!,6,0)*K31/1000),0,VLOOKUP(F31,#REF!,6,0)*K31/1000) -> 0 | Q31: =IF(ISERROR(VLOOKUP(F31,#REF!,3,0)),0,VLOOKUP(F31,#REF!,3,0)) -> 0 | R31: =IF(ISERROR(VLOOKUP(F31,#REF!,4,0)),0,VLOOKUP(F31,#REF!,4,0)) -> 0 | S31: =IF(ISERROR(VLOOKUP(F31,#REF!,4,0)),0,VLOOKUP(F31,#REF!,10,0)/60*K31) -> 0
A32: =IF(C32=0,0,YEAR(C32)) -> 2019 | B32: =IF(C32>0,VLOOKUP(MONTH($C32),$AJ$3:$AK$14,2,0),0) -> SETEMBRO | C32: 43712 | E32: 1 | F32: 51 | G32: 650 | H32: 498 | I32: 45 | K32: =SUM(G32:J32) -> 1193 | L32: =IF(ISERROR(VLOOKUP($F32,#REF!,6,0)*G32/1000),0,VLOOKUP($F32,#REF!,6,0)*G32/1000) -> 0 | M32: =IF(ISERROR(VLOOKUP($F32,#REF!,6,0)*H32/1000),0,VLOOKUP($F32,#REF!,6,0)*H32/1000) -> 0 | N32: =IF(ISERROR(VLOOKUP($F32,#REF!,6,0)*I32/1000),0,VLOOKUP($F32,#REF!,6,0)*I32/1000) -> 0 | O32: =IF(ISERROR(VLOOKUP($F32,#REF!,6,0)*J32/1000),0,VLOOKUP($F32,#REF!,6,0)*J32/1000) -> 0 | P32: =IF(ISERROR(VLOOKUP(F32,#REF!,6,0)*K32/1000),0,VLOOKUP(F32,#REF!,6,0)*K32/1000) -> 0 | Q32: =IF(ISERROR(VLOOKUP(F32,#REF!,3,0)),0,VLOOKUP(F32,#REF!,3,0)) -> 0 | R32: =IF(ISERROR(VLOOKUP(F32,#REF!,4,0)),0,VLOOKUP(F32,#REF!,4,0)) -> 0 | S32: =IF(ISERROR(VLOOKUP(F32,#REF!,4,0)),0,VLOOKUP(F32,#REF!,10,0)/60*K32) -> 0
A33: =IF(C33=0,0,YEAR(C33)) -> 2019 | B33: =IF(C33>0,VLOOKUP(MONTH($C33),$AJ$3:$AK$14,2,0),0) -> SETEMBRO | C33: 43712 | E33: 1 | F33: 12 | G33: 818 | K33: =SUM(G33:J33) -> 818 | L33: =IF(ISERROR(VLOOKUP($F33,#REF!,6,0)*G33/1000),0,VLOOKUP($F33,#REF!,6,0)*G33/1000) -> 0 | M33: =IF(ISERROR(VLOOKUP($F33,#REF!,6,0)*H33/1000),0,VLOOKUP($F33,#REF!,6,0)*H33/1000) -> 0 | N33: =IF(ISERROR(VLOOKUP($F33,#REF!,6,0)*I33/1000),0,VLOOKUP($F33,#REF!,6,0)*I33/1000) -> 0 | O33: =IF(ISERROR(VLOOKUP($F33,#REF!,6,0)*J33/1000),0,VLOOKUP($F33,#REF!,6,0)*J33/1000) -> 0 | P33: =IF(ISERROR(VLOOKUP(F33,#REF!,6,0)*K33/1000),0,VLOOKUP(F33,#REF!,6,0)*K33/1000) -> 0 | Q33: =IF(ISERROR(VLOOKUP(F33,#REF!,3,0)),0,VLOOKUP(F33,#REF!,3,0)) -> 0 | R33: =IF(ISERROR(VLOOKUP(F33,#REF!,4,0)),0,VLOOKUP(F33,#REF!,4,0)) -> 0 | S33: =IF(ISERROR(VLOOKUP(F33,#REF!,4,0)),0,VLOOKUP(F33,#REF!,10,0)/60*K33) -> 0
A34: =IF(C34=0,0,YEAR(C34)) -> 2019 | B34: =IF(C34>0,VLOOKUP(MONTH($C34),$AJ$3:$AK$14,2,0),0) -> SETEMBRO | C34: 43712 | E34: 2 | F34: 50 | G34: 584 | H34: 501 | K34: =SUM(G34:J34) -> 1085 | L34: =IF(ISERROR(VLOOKUP($F34,#REF!,6,0)*G34/1000),0,VLOOKUP($F34,#REF!,6,0)*G34/1000) -> 0 | M34: =IF(ISERROR(VLOOKUP($F34,#REF!,6,0)*H34/1000),0,VLOOKUP($F34,#REF!,6,0)*H34/1000) -> 0 | N34: =IF(ISERROR(VLOOKUP($F34,#REF!,6,0)*I34/1000),0,VLOOKUP($F34,#REF!,6,0)*I34/1000) -> 0 | O34: =IF(ISERROR(VLOOKUP($F34,#REF!,6,0)*J34/1000),0,VLOOKUP($F34,#REF!,6,0)*J34/1000) -> 0 | P34: =IF(ISERROR(VLOOKUP(F34,#REF!,6,0)*K34/1000),0,VLOOKUP(F34,#REF!,6,0)*K34/1000) -> 0 | Q34: =IF(ISERROR(VLOOKUP(F34,#REF!,3,0)),0,VLOOKUP(F34,#REF!,3,0)) -> 0 | R34: =IF(ISERROR(VLOOKUP(F34,#REF!,4,0)),0,VLOOKUP(F34,#REF!,4,0)) -> 0 | S34: =IF(ISERROR(VLOOKUP(F34,#REF!,4,0)),0,VLOOKUP(F34,#REF!,10,0)/60*K34) -> 0
A35: =IF(C35=0,0,YEAR(C35)) -> 2019 | B35: =IF(C35>0,VLOOKUP(MONTH($C35),$AJ$3:$AK$14,2,0),0) -> SETEMBRO | C35: 43712 | E35: 2 | F35: 49 | G35: 441 | H35: 461 | I35: 483 | K35: =SUM(G35:J35) -> 1385 | L35: =IF(ISERROR(VLOOKUP($F35,#REF!,6,0)*G35/1000),0,VLOOKUP($F35,#REF!,6,0)*G35/1000) -> 0 | M35: =IF(ISERROR(VLOOKUP($F35,#REF!,6,0)*H35/1000),0,VLOOKUP($F35,#REF!,6,0)*H35/1000) -> 0 | N35: =IF(ISERROR(VLOOKUP($F35,#REF!,6,0)*I35/1000),0,VLOOKUP($F35,#REF!,6,0)*I35/1000) -> 0 | O35: =IF(ISERROR(VLOOKUP($F35,#REF!,6,0)*J35/1000),0,VLOOKUP($F35,#REF!,6,0)*J35/1000) -> 0 | P35: =IF(ISERROR(VLOOKUP(F35,#REF!,6,0)*K35/1000),0,VLOOKUP(F35,#REF!,6,0)*K35/1000) -> 0 | Q35: =IF(ISERROR(VLOOKUP(F35,#REF!,3,0)),0,VLOOKUP(F35,#REF!,3,0)) -> 0 | R35: =IF(ISERROR(VLOOKUP(F35,#REF!,4,0)),0,VLOOKUP(F35,#REF!,4,0)) -> 0 | S35: =IF(ISERROR(VLOOKUP(F35,#REF!,4,0)),0,VLOOKUP(F35,#REF!,10,0)/60*K35) -> 0
A36: =IF(C36=0,0,YEAR(C36)) -> 2019 | B36: =IF(C36>0,VLOOKUP(MONTH($C36),$AJ$3:$AK$14,2,0),0) -> SETEMBRO | C36: 43712 | E36: 2 | F36: 51 | G36: 688 | H36: 700 | K36: =SUM(G36:J36) -> 1388 | L36: =IF(ISERROR(VLOOKUP($F36,#REF!,6,0)*G36/1000),0,VLOOKUP($F36,#REF!,6,0)*G36/1000) -> 0 | M36: =IF(ISERROR(VLOOKUP($F36,#REF!,6,0)*H36/1000),0,VLOOKUP($F36,#REF!,6,0)*H36/1000) -> 0 | N36: =IF(ISERROR(VLOOKUP($F36,#REF!,6,0)*I36/1000),0,VLOOKUP($F36,#REF!,6,0)*I36/1000) -> 0 | O36: =IF(ISERROR(VLOOKUP($F36,#REF!,6,0)*J36/1000),0,VLOOKUP($F36,#REF!,6,0)*J36/1000) -> 0 | P36: =IF(ISERROR(VLOOKUP(F36,#REF!,6,0)*K36/1000),0,VLOOKUP(F36,#REF!,6,0)*K36/1000) -> 0 | Q36: =IF(ISERROR(VLOOKUP(F36,#REF!,3,0)),0,VLOOKUP(F36,#REF!,3,0)) -> 0 | R36: =IF(ISERROR(VLOOKUP(F36,#REF!,4,0)),0,VLOOKUP(F36,#REF!,4,0)) -> 0 | S36: =IF(ISERROR(VLOOKUP(F36,#REF!,4,0)),0,VLOOKUP(F36,#REF!,10,0)/60*K36) -> 0
A37: =IF(C37=0,0,YEAR(C37)) -> 2019 | B37: =IF(C37>0,VLOOKUP(MONTH($C37),$AJ$3:$AK$14,2,0),0) -> SETEMBRO | C37: 43712 | E37: 3 | F37: 32 | G37: 4800 | H37: 150 | I37: 145 | J37: 50 | K37: =SUM(G37:J37) -> 5145 | L37: =IF(ISERROR(VLOOKUP($F37,#REF!,6,0)*G37/1000),0,VLOOKUP($F37,#REF!,6,0)*G37/1000) -> 0 | M37: =IF(ISERROR(VLOOKUP($F37,#REF!,6,0)*H37/1000),0,VLOOKUP($F37,#REF!,6,0)*H37/1000) -> 0 | N37: =IF(ISERROR(VLOOKUP($F37,#REF!,6,0)*I37/1000),0,VLOOKUP($F37,#REF!,6,0)*I37/1000) -> 0 | O37: =IF(ISERROR(VLOOKUP($F37,#REF!,6,0)*J37/1000),0,VLOOKUP($F37,#REF!,6,0)*J37/1000) -> 0 | P37: =IF(ISERROR(VLOOKUP(F37,#REF!,6,0)*K37/1000),0,VLOOKUP(F37,#REF!,6,0)*K37/1000) -> 0 | Q37: =IF(ISERROR(VLOOKUP(F37,#REF!,3,0)),0,VLOOKUP(F37,#REF!,3,0)) -> 0 | R37: =IF(ISERROR(VLOOKUP(F37,#REF!,4,0)),0,VLOOKUP(F37,#REF!,4,0)) -> 0 | S37: =IF(ISERROR(VLOOKUP(F37,#REF!,4,0)),0,VLOOKUP(F37,#REF!,10,0)/60*K37) -> 0
A38: =IF(C38=0,0,YEAR(C38)) -> 2019 | B38: =IF(C38>0,VLOOKUP(MONTH($C38),$AJ$3:$AK$14,2,0),0) -> SETEMBRO | C38: 43712 | E38: 3 | F38: 3 | G38: 424 | I38: 18 | J38: 70 | K38: =SUM(G38:J38) -> 512 | L38: =IF(ISERROR(VLOOKUP($F38,#REF!,6,0)*G38/1000),0,VLOOKUP($F38,#REF!,6,0)*G38/1000) -> 0 | M38: =IF(ISERROR(VLOOKUP($F38,#REF!,6,0)*H38/1000),0,VLOOKUP($F38,#REF!,6,0)*H38/1000) -> 0 | N38: =IF(ISERROR(VLOOKUP($F38,#REF!,6,0)*I38/1000),0,VLOOKUP($F38,#REF!,6,0)*I38/1000) -> 0 | O38: =IF(ISERROR(VLOOKUP($F38,#REF!,6,0)*J38/1000),0,VLOOKUP($F38,#REF!,6,0)*J38/1000) -> 0 | P38: =IF(ISERROR(VLOOKUP(F38,#REF!,6,0)*K38/1000),0,VLOOKUP(F38,#REF!,6,0)*K38/1000) -> 0 | Q38: =IF(ISERROR(VLOOKUP(F38,#REF!,3,0)),0,VLOOKUP(F38,#REF!,3,0)) -> 0 | R38: =IF(ISERROR(VLOOKUP(F38,#REF!,4,0)),0,VLOOKUP(F38,#REF!,4,0)) -> 0 | S38: =IF(ISERROR(VLOOKUP(F38,#REF!,4,0)),0,VLOOKUP(F38,#REF!,10,0)/60*K38) -> 0
A39: =IF(C39=0,0,YEAR(C39)) -> 2019 | B39: =IF(C39>0,VLOOKUP(MONTH($C39),$AJ$3:$AK$14,2,0),0) -> SETEMBRO | C39: 43713 | E39: 1 | F39: 32 | G39: 2145 | H39: 650 | I39: 45 | J39: 300 | K39: =SUM(G39:J39) -> 3140 | L39: =IF(ISERROR(VLOOKUP($F39,#REF!,6,0)*G39/1000),0,VLOOKUP($F39,#REF!,6,0)*G39/1000) -> 0 | M39: =IF(ISERROR(VLOOKUP($F39,#REF!,6,0)*H39/1000),0,VLOOKUP($F39,#REF!,6,0)*H39/1000) -> 0 | N39: =IF(ISERROR(VLOOKUP($F39,#REF!,6,0)*I39/1000),0,VLOOKUP($F39,#REF!,6,0)*I39/1000) -> 0 | O39: =IF(ISERROR(VLOOKUP($F39,#REF!,6,0)*J39/1000),0,VLOOKUP($F39,#REF!,6,0)*J39/1000) -> 0 | P39: =IF(ISERROR(VLOOKUP(F39,#REF!,6,0)*K39/1000),0,VLOOKUP(F39,#REF!,6,0)*K39/1000) -> 0 | Q39: =IF(ISERROR(VLOOKUP(F39,#REF!,3,0)),0,VLOOKUP(F39,#REF!,3,0)) -> 0 | R39: =IF(ISERROR(VLOOKUP(F39,#REF!,4,0)),0,VLOOKUP(F39,#REF!,4,0)) -> 0 | S39: =IF(ISERROR(VLOOKUP(F39,#REF!,4,0)),0,VLOOKUP(F39,#REF!,10,0)/60*K39) -> 0
A40: =IF(C40=0,0,YEAR(C40)) -> 2019 | B40: =IF(C40>0,VLOOKUP(MONTH($C40),$AJ$3:$AK$14,2,0),0) -> SETEMBRO | C40: 43713 | E40: 1 | F40: 3 | G40: 432 | I40: 3 | K40: =SUM(G40:J40) -> 435 | L40: =IF(ISERROR(VLOOKUP($F40,#REF!,6,0)*G40/1000),0,VLOOKUP($F40,#REF!,6,0)*G40/1000) -> 0 | M40: =IF(ISERROR(VLOOKUP($F40,#REF!,6,0)*H40/1000),0,VLOOKUP($F40,#REF!,6,0)*H40/1000) -> 0 | N40: =IF(ISERROR(VLOOKUP($F40,#REF!,6,0)*I40/1000),0,VLOOKUP($F40,#REF!,6,0)*I40/1000) -> 0 | O40: =IF(ISERROR(VLOOKUP($F40,#REF!,6,0)*J40/1000),0,VLOOKUP($F40,#REF!,6,0)*J40/1000) -> 0 | P40: =IF(ISERROR(VLOOKUP(F40,#REF!,6,0)*K40/1000),0,VLOOKUP(F40,#REF!,6,0)*K40/1000) -> 0 | Q40: =IF(ISERROR(VLOOKUP(F40,#REF!,3,0)),0,VLOOKUP(F40,#REF!,3,0)) -> 0 | R40: =IF(ISERROR(VLOOKUP(F40,#REF!,4,0)),0,VLOOKUP(F40,#REF!,4,0)) -> 0 | S40: =IF(ISERROR(VLOOKUP(F40,#REF!,4,0)),0,VLOOKUP(F40,#REF!,10,0)/60*K40) -> 0
A41: =IF(C41=0,0,YEAR(C41)) -> 2019 | B41: =IF(C41>0,VLOOKUP(MONTH($C41),$AJ$3:$AK$14,2,0),0) -> SETEMBRO | C41: 43713 | E41: 1 | F41: 13 | G41: 2080 | H41: 300 | I41: 15 | J41: 30 | K41: =SUM(G41:J41) -> 2425 | L41: =IF(ISERROR(VLOOKUP($F41,#REF!,6,0)*G41/1000),0,VLOOKUP($F41,#REF!,6,0)*G41/1000) -> 0 | M41: =IF(ISERROR(VLOOKUP($F41,#REF!,6,0)*H41/1000),0,VLOOKUP($F41,#REF!,6,0)*H41/1000) -> 0 | N41: =IF(ISERROR(VLOOKUP($F41,#REF!,6,0)*I41/1000),0,VLOOKUP($F41,#REF!,6,0)*I41/1000) -> 0 | O41: =IF(ISERROR(VLOOKUP($F41,#REF!,6,0)*J41/1000),0,VLOOKUP($F41,#REF!,6,0)*J41/1000) -> 0 | P41: =IF(ISERROR(VLOOKUP(F41,#REF!,6,0)*K41/1000),0,VLOOKUP(F41,#REF!,6,0)*K41/1000) -> 0 | Q41: =IF(ISERROR(VLOOKUP(F41,#REF!,3,0)),0,VLOOKUP(F41,#REF!,3,0)) -> 0 | R41: =IF(ISERROR(VLOOKUP(F41,#REF!,4,0)),0,VLOOKUP(F41,#REF!,4,0)) -> 0 | S41: =IF(ISERROR(VLOOKUP(F41,#REF!,4,0)),0,VLOOKUP(F41,#REF!,10,0)/60*K41) -> 0
A42: =IF(C42=0,0,YEAR(C42)) -> 2019 | B42: =IF(C42>0,VLOOKUP(MONTH($C42),$AJ$3:$AK$14,2,0),0) -> SETEMBRO | C42: 43713 | E42: 1 | F42: 20 | G42: 288 | H42: 50 | I42: 20 | J42: 45 | K42: =SUM(G42:J42) -> 403 | L42: =IF(ISERROR(VLOOKUP($F42,#REF!,6,0)*G42/1000),0,VLOOKUP($F42,#REF!,6,0)*G42/1000) -> 0 | M42: =IF(ISERROR(VLOOKUP($F42,#REF!,6,0)*H42/1000),0,VLOOKUP($F42,#REF!,6,0)*H42/1000) -> 0 | N42: =IF(ISERROR(VLOOKUP($F42,#REF!,6,0)*I42/1000),0,VLOOKUP($F42,#REF!,6,0)*I42/1000) -> 0 | O42: =IF(ISERROR(VLOOKUP($F42,#REF!,6,0)*J42/1000),0,VLOOKUP($F42,#REF!,6,0)*J42/1000) -> 0 | P42: =IF(ISERROR(VLOOKUP(F42,#REF!,6,0)*K42/1000),0,VLOOKUP(F42,#REF!,6,0)*K42/1000) -> 0 | Q42: =IF(ISERROR(VLOOKUP(F42,#REF!,3,0)),0,VLOOKUP(F42,#REF!,3,0)) -> 0 | R42: =IF(ISERROR(VLOOKUP(F42,#REF!,4,0)),0,VLOOKUP(F42,#REF!,4,0)) -> 0 | S42: =IF(ISERROR(VLOOKUP(F42,#REF!,4,0)),0,VLOOKUP(F42,#REF!,10,0)/60*K42) -> 0
A43: =IF(C43=0,0,YEAR(C43)) -> 2019 | B43: =IF(C43>0,VLOOKUP(MONTH($C43),$AJ$3:$AK$14,2,0),0) -> SETEMBRO | C43: 43713 | E43: 2 | F43: 20 | G43: 576 | H43: 35 | I43: 25 | J43: 25 | K43: =SUM(G43:J43) -> 661 | L43: =IF(ISERROR(VLOOKUP($F43,#REF!,6,0)*G43/1000),0,VLOOKUP($F43,#REF!,6,0)*G43/1000) -> 0 | M43: =IF(ISERROR(VLOOKUP($F43,#REF!,6,0)*H43/1000),0,VLOOKUP($F43,#REF!,6,0)*H43/1000) -> 0 | N43: =IF(ISERROR(VLOOKUP($F43,#REF!,6,0)*I43/1000),0,VLOOKUP($F43,#REF!,6,0)*I43/1000) -> 0 | O43: =IF(ISERROR(VLOOKUP($F43,#REF!,6,0)*J43/1000),0,VLOOKUP($F43,#REF!,6,0)*J43/1000) -> 0 | P43: =IF(ISERROR(VLOOKUP(F43,#REF!,6,0)*K43/1000),0,VLOOKUP(F43,#REF!,6,0)*K43/1000) -> 0 | Q43: =IF(ISERROR(VLOOKUP(F43,#REF!,3,0)),0,VLOOKUP(F43,#REF!,3,0)) -> 0 | R43: =IF(ISERROR(VLOOKUP(F43,#REF!,4,0)),0,VLOOKUP(F43,#REF!,4,0)) -> 0 | S43: =IF(ISERROR(VLOOKUP(F43,#REF!,4,0)),0,VLOOKUP(F43,#REF!,10,0)/60*K43) -> 0
A44: =IF(C44=0,0,YEAR(C44)) -> 2019 | B44: =IF(C44>0,VLOOKUP(MONTH($C44),$AJ$3:$AK$14,2,0),0) -> SETEMBRO | C44: 43713 | E44: 2 | F44: 13 | G44: 480 | H44: 120 | I44: 45 | J44: 30 | K44: =SUM(G44:J44) -> 675 | L44: =IF(ISERROR(VLOOKUP($F44,#REF!,6,0)*G44/1000),0,VLOOKUP($F44,#REF!,6,0)*G44/1000) -> 0 | M44: =IF(ISERROR(VLOOKUP($F44,#REF!,6,0)*H44/1000),0,VLOOKUP($F44,#REF!,6,0)*H44/1000) -> 0 | N44: =IF(ISERROR(VLOOKUP($F44,#REF!,6,0)*I44/1000),0,VLOOKUP($F44,#REF!,6,0)*I44/1000) -> 0 | O44: =IF(ISERROR(VLOOKUP($F44,#REF!,6,0)*J44/1000),0,VLOOKUP($F44,#REF!,6,0)*J44/1000) -> 0 | P44: =IF(ISERROR(VLOOKUP(F44,#REF!,6,0)*K44/1000),0,VLOOKUP(F44,#REF!,6,0)*K44/1000) -> 0 | Q44: =IF(ISERROR(VLOOKUP(F44,#REF!,3,0)),0,VLOOKUP(F44,#REF!,3,0)) -> 0 | R44: =IF(ISERROR(VLOOKUP(F44,#REF!,4,0)),0,VLOOKUP(F44,#REF!,4,0)) -> 0 | S44: =IF(ISERROR(VLOOKUP(F44,#REF!,4,0)),0,VLOOKUP(F44,#REF!,10,0)/60*K44) -> 0
A45: =IF(C45=0,0,YEAR(C45)) -> 2019 | B45: =IF(C45>0,VLOOKUP(MONTH($C45),$AJ$3:$AK$14,2,0),0) -> SETEMBRO | C45: 43713 | E45: 2 | F45: 3 | G45: 216 | I45: 15 | J45: 30 | K45: =SUM(G45:J45) -> 261 | L45: =IF(ISERROR(VLOOKUP($F45,#REF!,6,0)*G45/1000),0,VLOOKUP($F45,#REF!,6,0)*G45/1000) -> 0 | M45: =IF(ISERROR(VLOOKUP($F45,#REF!,6,0)*H45/1000),0,VLOOKUP($F45,#REF!,6,0)*H45/1000) -> 0 | N45: =IF(ISERROR(VLOOKUP($F45,#REF!,6,0)*I45/1000),0,VLOOKUP($F45,#REF!,6,0)*I45/1000) -> 0 | O45: =IF(ISERROR(VLOOKUP($F45,#REF!,6,0)*J45/1000),0,VLOOKUP($F45,#REF!,6,0)*J45/1000) -> 0 | P45: =IF(ISERROR(VLOOKUP(F45,#REF!,6,0)*K45/1000),0,VLOOKUP(F45,#REF!,6,0)*K45/1000) -> 0 | Q45: =IF(ISERROR(VLOOKUP(F45,#REF!,3,0)),0,VLOOKUP(F45,#REF!,3,0)) -> 0 | R45: =IF(ISERROR(VLOOKUP(F45,#REF!,4,0)),0,VLOOKUP(F45,#REF!,4,0)) -> 0 | S45: =IF(ISERROR(VLOOKUP(F45,#REF!,4,0)),0,VLOOKUP(F45,#REF!,10,0)/60*K45) -> 0
A46: =IF(C46=0,0,YEAR(C46)) -> 2019 | B46: =IF(C46>0,VLOOKUP(MONTH($C46),$AJ$3:$AK$14,2,0),0) -> SETEMBRO | C46: 43713 | E46: 2 | F46: 8 | G46: 120 | H46: 32 | J46: 4 | K46: =SUM(G46:J46) -> 156 | L46: =IF(ISERROR(VLOOKUP($F46,#REF!,6,0)*G46/1000),0,VLOOKUP($F46,#REF!,6,0)*G46/1000) -> 0 | M46: =IF(ISERROR(VLOOKUP($F46,#REF!,6,0)*H46/1000),0,VLOOKUP($F46,#REF!,6,0)*H46/1000) -> 0 | N46: =IF(ISERROR(VLOOKUP($F46,#REF!,6,0)*I46/1000),0,VLOOKUP($F46,#REF!,6,0)*I46/1000) -> 0 | O46: =IF(ISERROR(VLOOKUP($F46,#REF!,6,0)*J46/1000),0,VLOOKUP($F46,#REF!,6,0)*J46/1000) -> 0 | P46: =IF(ISERROR(VLOOKUP(F46,#REF!,6,0)*K46/1000),0,VLOOKUP(F46,#REF!,6,0)*K46/1000) -> 0 | Q46: =IF(ISERROR(VLOOKUP(F46,#REF!,3,0)),0,VLOOKUP(F46,#REF!,3,0)) -> 0 | R46: =IF(ISERROR(VLOOKUP(F46,#REF!,4,0)),0,VLOOKUP(F46,#REF!,4,0)) -> 0 | S46: =IF(ISERROR(VLOOKUP(F46,#REF!,4,0)),0,VLOOKUP(F46,#REF!,10,0)/60*K46) -> 0
A47: =IF(C47=0,0,YEAR(C47)) -> 2019 | B47: =IF(C47>0,VLOOKUP(MONTH($C47),$AJ$3:$AK$14,2,0),0) -> SETEMBRO | C47: 43713 | E47: 2 | F47: 9 | G47: 296 | H47: 20 | I47: 6 | J47: 3 | K47: =SUM(G47:J47) -> 325 | L47: =IF(ISERROR(VLOOKUP($F47,#REF!,6,0)*G47/1000),0,VLOOKUP($F47,#REF!,6,0)*G47/1000) -> 0 | M47: =IF(ISERROR(VLOOKUP($F47,#REF!,6,0)*H47/1000),0,VLOOKUP($F47,#REF!,6,0)*H47/1000) -> 0 | N47: =IF(ISERROR(VLOOKUP($F47,#REF!,6,0)*I47/1000),0,VLOOKUP($F47,#REF!,6,0)*I47/1000) -> 0 | O47: =IF(ISERROR(VLOOKUP($F47,#REF!,6,0)*J47/1000),0,VLOOKUP($F47,#REF!,6,0)*J47/1000) -> 0 | P47: =IF(ISERROR(VLOOKUP(F47,#REF!,6,0)*K47/1000),0,VLOOKUP(F47,#REF!,6,0)*K47/1000) -> 0 | Q47: =IF(ISERROR(VLOOKUP(F47,#REF!,3,0)),0,VLOOKUP(F47,#REF!,3,0)) -> 0 | R47: =IF(ISERROR(VLOOKUP(F47,#REF!,4,0)),0,VLOOKUP(F47,#REF!,4,0)) -> 0 | S47: =IF(ISERROR(VLOOKUP(F47,#REF!,4,0)),0,VLOOKUP(F47,#REF!,10,0)/60*K47) -> 0
A48: =IF(C48=0,0,YEAR(C48)) -> 2019 | B48: =IF(C48>0,VLOOKUP(MONTH($C48),$AJ$3:$AK$14,2,0),0) -> SETEMBRO | C48: 43713 | E48: 1 | F48: 50 | G48: 1716 | H48: 120 | I48: 600 | K48: =SUM(G48:J48) -> 2436 | L48: =IF(ISERROR(VLOOKUP($F48,#REF!,6,0)*G48/1000),0,VLOOKUP($F48,#REF!,6,0)*G48/1000) -> 0 | M48: =IF(ISERROR(VLOOKUP($F48,#REF!,6,0)*H48/1000),0,VLOOKUP($F48,#REF!,6,0)*H48/1000) -> 0 | N48: =IF(ISERROR(VLOOKUP($F48,#REF!,6,0)*I48/1000),0,VLOOKUP($F48,#REF!,6,0)*I48/1000) -> 0 | O48: =IF(ISERROR(VLOOKUP($F48,#REF!,6,0)*J48/1000),0,VLOOKUP($F48,#REF!,6,0)*J48/1000) -> 0 | P48: =IF(ISERROR(VLOOKUP(F48,#REF!,6,0)*K48/1000),0,VLOOKUP(F48,#REF!,6,0)*K48/1000) -> 0 | Q48: =IF(ISERROR(VLOOKUP(F48,#REF!,3,0)),0,VLOOKUP(F48,#REF!,3,0)) -> 0 | R48: =IF(ISERROR(VLOOKUP(F48,#REF!,4,0)),0,VLOOKUP(F48,#REF!,4,0)) -> 0 | S48: =IF(ISERROR(VLOOKUP(F48,#REF!,4,0)),0,VLOOKUP(F48,#REF!,10,0)/60*K48) -> 0
A49: =IF(C49=0,0,YEAR(C49)) -> 2019 | B49: =IF(C49>0,VLOOKUP(MONTH($C49),$AJ$3:$AK$14,2,0),0) -> SETEMBRO | C49: 43713 | E49: 1 | F49: 49 | G49: 425 | K49: =SUM(G49:J49) -> 425 | L49: =IF(ISERROR(VLOOKUP($F49,#REF!,6,0)*G49/1000),0,VLOOKUP($F49,#REF!,6,0)*G49/1000) -> 0 | M49: =IF(ISERROR(VLOOKUP($F49,#REF!,6,0)*H49/1000),0,VLOOKUP($F49,#REF!,6,0)*H49/1000) -> 0 | N49: =IF(ISERROR(VLOOKUP($F49,#REF!,6,0)*I49/1000),0,VLOOKUP($F49,#REF!,6,0)*I49/1000) -> 0 | O49: =IF(ISERROR(VLOOKUP($F49,#REF!,6,0)*J49/1000),0,VLOOKUP($F49,#REF!,6,0)*J49/1000) -> 0 | P49: =IF(ISERROR(VLOOKUP(F49,#REF!,6,0)*K49/1000),0,VLOOKUP(F49,#REF!,6,0)*K49/1000) -> 0 | Q49: =IF(ISERROR(VLOOKUP(F49,#REF!,3,0)),0,VLOOKUP(F49,#REF!,3,0)) -> 0 | R49: =IF(ISERROR(VLOOKUP(F49,#REF!,4,0)),0,VLOOKUP(F49,#REF!,4,0)) -> 0 | S49: =IF(ISERROR(VLOOKUP(F49,#REF!,4,0)),0,VLOOKUP(F49,#REF!,10,0)/60*K49) -> 0
A50: =IF(C50=0,0,YEAR(C50)) -> 2019 | B50: =IF(C50>0,VLOOKUP(MONTH($C50),$AJ$3:$AK$14,2,0),0) -> SETEMBRO | C50: 43713 | E50: 1 | F50: 46 | G50: 189 | H50: 88 | I50: 23 | K50: =SUM(G50:J50) -> 300 | L50: =IF(ISERROR(VLOOKUP($F50,#REF!,6,0)*G50/1000),0,VLOOKUP($F50,#REF!,6,0)*G50/1000) -> 0 | M50: =IF(ISERROR(VLOOKUP($F50,#REF!,6,0)*H50/1000),0,VLOOKUP($F50,#REF!,6,0)*H50/1000) -> 0 | N50: =IF(ISERROR(VLOOKUP($F50,#REF!,6,0)*I50/1000),0,VLOOKUP($F50,#REF!,6,0)*I50/1000) -> 0 | O50: =IF(ISERROR(VLOOKUP($F50,#REF!,6,0)*J50/1000),0,VLOOKUP($F50,#REF!,6,0)*J50/1000) -> 0 | P50: =IF(ISERROR(VLOOKUP(F50,#REF!,6,0)*K50/1000),0,VLOOKUP(F50,#REF!,6,0)*K50/1000) -> 0 | Q50: =IF(ISERROR(VLOOKUP(F50,#REF!,3,0)),0,VLOOKUP(F50,#REF!,3,0)) -> 0 | R50: =IF(ISERROR(VLOOKUP(F50,#REF!,4,0)),0,VLOOKUP(F50,#REF!,4,0)) -> 0 | S50: =IF(ISERROR(VLOOKUP(F50,#REF!,4,0)),0,VLOOKUP(F50,#REF!,10,0)/60*K50) -> 0
A51: =IF(C51=0,0,YEAR(C51)) -> 2019 | B51: =IF(C51>0,VLOOKUP(MONTH($C51),$AJ$3:$AK$14,2,0),0) -> SETEMBRO | C51: 43713 | E51: 1 | F51: 51 | G51: 1149 | H51: 200 | I51: 400 | K51: =SUM(G51:J51) -> 1749 | L51: =IF(ISERROR(VLOOKUP($F51,#REF!,6,0)*G51/1000),0,VLOOKUP($F51,#REF!,6,0)*G51/1000) -> 0 | M51: =IF(ISERROR(VLOOKUP($F51,#REF!,6,0)*H51/1000),0,VLOOKUP($F51,#REF!,6,0)*H51/1000) -> 0 | N51: =IF(ISERROR(VLOOKUP($F51,#REF!,6,0)*I51/1000),0,VLOOKUP($F51,#REF!,6,0)*I51/1000) -> 0 | O51: =IF(ISERROR(VLOOKUP($F51,#REF!,6,0)*J51/1000),0,VLOOKUP($F51,#REF!,6,0)*J51/1000) -> 0 | P51: =IF(ISERROR(VLOOKUP(F51,#REF!,6,0)*K51/1000),0,VLOOKUP(F51,#REF!,6,0)*K51/1000) -> 0 | Q51: =IF(ISERROR(VLOOKUP(F51,#REF!,3,0)),0,VLOOKUP(F51,#REF!,3,0)) -> 0 | R51: =IF(ISERROR(VLOOKUP(F51,#REF!,4,0)),0,VLOOKUP(F51,#REF!,4,0)) -> 0 | S51: =IF(ISERROR(VLOOKUP(F51,#REF!,4,0)),0,VLOOKUP(F51,#REF!,10,0)/60*K51) -> 0
A52: =IF(C52=0,0,YEAR(C52)) -> 2019 | B52: =IF(C52>0,VLOOKUP(MONTH($C52),$AJ$3:$AK$14,2,0),0) -> SETEMBRO | C52: 43713 | E52: 2 | F52: 50 | G52: 1235 | H52: 1218 | K52: =SUM(G52:J52) -> 2453 | L52: =IF(ISERROR(VLOOKUP($F52,#REF!,6,0)*G52/1000),0,VLOOKUP($F52,#REF!,6,0)*G52/1000) -> 0 | M52: =IF(ISERROR(VLOOKUP($F52,#REF!,6,0)*H52/1000),0,VLOOKUP($F52,#REF!,6,0)*H52/1000) -> 0 | N52: =IF(ISERROR(VLOOKUP($F52,#REF!,6,0)*I52/1000),0,VLOOKUP($F52,#REF!,6,0)*I52/1000) -> 0 | O52: =IF(ISERROR(VLOOKUP($F52,#REF!,6,0)*J52/1000),0,VLOOKUP($F52,#REF!,6,0)*J52/1000) -> 0 | P52: =IF(ISERROR(VLOOKUP(F52,#REF!,6,0)*K52/1000),0,VLOOKUP(F52,#REF!,6,0)*K52/1000) -> 0 | Q52: =IF(ISERROR(VLOOKUP(F52,#REF!,3,0)),0,VLOOKUP(F52,#REF!,3,0)) -> 0 | R52: =IF(ISERROR(VLOOKUP(F52,#REF!,4,0)),0,VLOOKUP(F52,#REF!,4,0)) -> 0 | S52: =IF(ISERROR(VLOOKUP(F52,#REF!,4,0)),0,VLOOKUP(F52,#REF!,10,0)/60*K52) -> 0
A53: =IF(C53=0,0,YEAR(C53)) -> 2019 | B53: =IF(C53>0,VLOOKUP(MONTH($C53),$AJ$3:$AK$14,2,0),0) -> SETEMBRO | C53: 43713 | E53: 2 | F53: 49 | G53: 466 | H53: 350 | K53: =SUM(G53:J53) -> 816 | L53: =IF(ISERROR(VLOOKUP($F53,#REF!,6,0)*G53/1000),0,VLOOKUP($F53,#REF!,6,0)*G53/1000) -> 0 | M53: =IF(ISERROR(VLOOKUP($F53,#REF!,6,0)*H53/1000),0,VLOOKUP($F53,#REF!,6,0)*H53/1000) -> 0 | N53: =IF(ISERROR(VLOOKUP($F53,#REF!,6,0)*I53/1000),0,VLOOKUP($F53,#REF!,6,0)*I53/1000) -> 0 | O53: =IF(ISERROR(VLOOKUP($F53,#REF!,6,0)*J53/1000),0,VLOOKUP($F53,#REF!,6,0)*J53/1000) -> 0 | P53: =IF(ISERROR(VLOOKUP(F53,#REF!,6,0)*K53/1000),0,VLOOKUP(F53,#REF!,6,0)*K53/1000) -> 0 | Q53: =IF(ISERROR(VLOOKUP(F53,#REF!,3,0)),0,VLOOKUP(F53,#REF!,3,0)) -> 0 | R53: =IF(ISERROR(VLOOKUP(F53,#REF!,4,0)),0,VLOOKUP(F53,#REF!,4,0)) -> 0 | S53: =IF(ISERROR(VLOOKUP(F53,#REF!,4,0)),0,VLOOKUP(F53,#REF!,10,0)/60*K53) -> 0
A54: =IF(C54=0,0,YEAR(C54)) -> 2019 | B54: =IF(C54>0,VLOOKUP(MONTH($C54),$AJ$3:$AK$14,2,0),0) -> SETEMBRO | C54: 43713 | E54: 3 | F54: 33 | G54: 4032 | H54: 400 | I54: 65 | J54: 600 | K54: =SUM(G54:J54) -> 5097 | L54: =IF(ISERROR(VLOOKUP($F54,#REF!,6,0)*G54/1000),0,VLOOKUP($F54,#REF!,6,0)*G54/1000) -> 0 | M54: =IF(ISERROR(VLOOKUP($F54,#REF!,6,0)*H54/1000),0,VLOOKUP($F54,#REF!,6,0)*H54/1000) -> 0 | N54: =IF(ISERROR(VLOOKUP($F54,#REF!,6,0)*I54/1000),0,VLOOKUP($F54,#REF!,6,0)*I54/1000) -> 0 | O54: =IF(ISERROR(VLOOKUP($F54,#REF!,6,0)*J54/1000),0,VLOOKUP($F54,#REF!,6,0)*J54/1000) -> 0 | P54: =IF(ISERROR(VLOOKUP(F54,#REF!,6,0)*K54/1000),0,VLOOKUP(F54,#REF!,6,0)*K54/1000) -> 0 | Q54: =IF(ISERROR(VLOOKUP(F54,#REF!,3,0)),0,VLOOKUP(F54,#REF!,3,0)) -> 0 | R54: =IF(ISERROR(VLOOKUP(F54,#REF!,4,0)),0,VLOOKUP(F54,#REF!,4,0)) -> 0 | S54: =IF(ISERROR(VLOOKUP(F54,#REF!,4,0)),0,VLOOKUP(F54,#REF!,10,0)/60*K54) -> 0
A55: =IF(C55=0,0,YEAR(C55)) -> 2019 | B55: =IF(C55>0,VLOOKUP(MONTH($C55),$AJ$3:$AK$14,2,0),0) -> SETEMBRO | C55: 43713 | E55: 3 | F55: 8 | G55: 226 | H55: 8 | I55: 10 | J55: 20 | K55: =SUM(G55:J55) -> 264 | L55: =IF(ISERROR(VLOOKUP($F55,#REF!,6,0)*G55/1000),0,VLOOKUP($F55,#REF!,6,0)*G55/1000) -> 0 | M55: =IF(ISERROR(VLOOKUP($F55,#REF!,6,0)*H55/1000),0,VLOOKUP($F55,#REF!,6,0)*H55/1000) -> 0 | N55: =IF(ISERROR(VLOOKUP($F55,#REF!,6,0)*I55/1000),0,VLOOKUP($F55,#REF!,6,0)*I55/1000) -> 0 | O55: =IF(ISERROR(VLOOKUP($F55,#REF!,6,0)*J55/1000),0,VLOOKUP($F55,#REF!,6,0)*J55/1000) -> 0 | P55: =IF(ISERROR(VLOOKUP(F55,#REF!,6,0)*K55/1000),0,VLOOKUP(F55,#REF!,6,0)*K55/1000) -> 0 | Q55: =IF(ISERROR(VLOOKUP(F55,#REF!,3,0)),0,VLOOKUP(F55,#REF!,3,0)) -> 0 | R55: =IF(ISERROR(VLOOKUP(F55,#REF!,4,0)),0,VLOOKUP(F55,#REF!,4,0)) -> 0 | S55: =IF(ISERROR(VLOOKUP(F55,#REF!,4,0)),0,VLOOKUP(F55,#REF!,10,0)/60*K55) -> 0
A56: =IF(C56=0,0,YEAR(C56)) -> 2019 | B56: =IF(C56>0,VLOOKUP(MONTH($C56),$AJ$3:$AK$14,2,0),0) -> SETEMBRO | C56: 43714 | E56: 1 | F56: 3 | G56: 216 | I56: 5 | J56: 150 | K56: =SUM(G56:J56) -> 371 | L56: =IF(ISERROR(VLOOKUP($F56,#REF!,6,0)*G56/1000),0,VLOOKUP($F56,#REF!,6,0)*G56/1000) -> 0 | M56: =IF(ISERROR(VLOOKUP($F56,#REF!,6,0)*H56/1000),0,VLOOKUP($F56,#REF!,6,0)*H56/1000) -> 0 | N56: =IF(ISERROR(VLOOKUP($F56,#REF!,6,0)*I56/1000),0,VLOOKUP($F56,#REF!,6,0)*I56/1000) -> 0 | O56: =IF(ISERROR(VLOOKUP($F56,#REF!,6,0)*J56/1000),0,VLOOKUP($F56,#REF!,6,0)*J56/1000) -> 0 | P56: =IF(ISERROR(VLOOKUP(F56,#REF!,6,0)*K56/1000),0,VLOOKUP(F56,#REF!,6,0)*K56/1000) -> 0 | Q56: =IF(ISERROR(VLOOKUP(F56,#REF!,3,0)),0,VLOOKUP(F56,#REF!,3,0)) -> 0 | R56: =IF(ISERROR(VLOOKUP(F56,#REF!,4,0)),0,VLOOKUP(F56,#REF!,4,0)) -> 0 | S56: =IF(ISERROR(VLOOKUP(F56,#REF!,4,0)),0,VLOOKUP(F56,#REF!,10,0)/60*K56) -> 0
A57: =IF(C57=0,0,YEAR(C57)) -> 2019 | B57: =IF(C57>0,VLOOKUP(MONTH($C57),$AJ$3:$AK$14,2,0),0) -> SETEMBRO | C57: 43714 | E57: 1 | F57: 33 | G57: 576 | H57: 250 | I57: 30 | J57: 250 | K57: =SUM(G57:J57) -> 1106 | L57: =IF(ISERROR(VLOOKUP($F57,#REF!,6,0)*G57/1000),0,VLOOKUP($F57,#REF!,6,0)*G57/1000) -> 0 | M57: =IF(ISERROR(VLOOKUP($F57,#REF!,6,0)*H57/1000),0,VLOOKUP($F57,#REF!,6,0)*H57/1000) -> 0 | N57: =IF(ISERROR(VLOOKUP($F57,#REF!,6,0)*I57/1000),0,VLOOKUP($F57,#REF!,6,0)*I57/1000) -> 0 | O57: =IF(ISERROR(VLOOKUP($F57,#REF!,6,0)*J57/1000),0,VLOOKUP($F57,#REF!,6,0)*J57/1000) -> 0 | P57: =IF(ISERROR(VLOOKUP(F57,#REF!,6,0)*K57/1000),0,VLOOKUP(F57,#REF!,6,0)*K57/1000) -> 0 | Q57: =IF(ISERROR(VLOOKUP(F57,#REF!,3,0)),0,VLOOKUP(F57,#REF!,3,0)) -> 0 | R57: =IF(ISERROR(VLOOKUP(F57,#REF!,4,0)),0,VLOOKUP(F57,#REF!,4,0)) -> 0 | S57: =IF(ISERROR(VLOOKUP(F57,#REF!,4,0)),0,VLOOKUP(F57,#REF!,10,0)/60*K57) -> 0
A58: =IF(C58=0,0,YEAR(C58)) -> 2019 | B58: =IF(C58>0,VLOOKUP(MONTH($C58),$AJ$3:$AK$14,2,0),0) -> SETEMBRO | C58: 43714 | E58: 1 | F58: 8 | G58: 21 | I58: 2 | J58: 3 | K58: =SUM(G58:J58) -> 26 | L58: =IF(ISERROR(VLOOKUP($F58,#REF!,6,0)*G58/1000),0,VLOOKUP($F58,#REF!,6,0)*G58/1000) -> 0 | M58: =IF(ISERROR(VLOOKUP($F58,#REF!,6,0)*H58/1000),0,VLOOKUP($F58,#REF!,6,0)*H58/1000) -> 0 | N58: =IF(ISERROR(VLOOKUP($F58,#REF!,6,0)*I58/1000),0,VLOOKUP($F58,#REF!,6,0)*I58/1000) -> 0 | O58: =IF(ISERROR(VLOOKUP($F58,#REF!,6,0)*J58/1000),0,VLOOKUP($F58,#REF!,6,0)*J58/1000) -> 0 | P58: =IF(ISERROR(VLOOKUP(F58,#REF!,6,0)*K58/1000),0,VLOOKUP(F58,#REF!,6,0)*K58/1000) -> 0 | Q58: =IF(ISERROR(VLOOKUP(F58,#REF!,3,0)),0,VLOOKUP(F58,#REF!,3,0)) -> 0 | R58: =IF(ISERROR(VLOOKUP(F58,#REF!,4,0)),0,VLOOKUP(F58,#REF!,4,0)) -> 0 | S58: =IF(ISERROR(VLOOKUP(F58,#REF!,4,0)),0,VLOOKUP(F58,#REF!,10,0)/60*K58) -> 0
A59: =IF(C59=0,0,YEAR(C59)) -> 2019 | B59: =IF(C59>0,VLOOKUP(MONTH($C59),$AJ$3:$AK$14,2,0),0) -> SETEMBRO | C59: 43714 | E59: 1 | F59: 9 | G59: 160 | I59: 5 | J59: 5 | K59: =SUM(G59:J59) -> 170 | L59: =IF(ISERROR(VLOOKUP($F59,#REF!,6,0)*G59/1000),0,VLOOKUP($F59,#REF!,6,0)*G59/1000) -> 0 | M59: =IF(ISERROR(VLOOKUP($F59,#REF!,6,0)*H59/1000),0,VLOOKUP($F59,#REF!,6,0)*H59/1000) -> 0 | N59: =IF(ISERROR(VLOOKUP($F59,#REF!,6,0)*I59/1000),0,VLOOKUP($F59,#REF!,6,0)*I59/1000) -> 0 | O59: =IF(ISERROR(VLOOKUP($F59,#REF!,6,0)*J59/1000),0,VLOOKUP($F59,#REF!,6,0)*J59/1000) -> 0 | P59: =IF(ISERROR(VLOOKUP(F59,#REF!,6,0)*K59/1000),0,VLOOKUP(F59,#REF!,6,0)*K59/1000) -> 0 | Q59: =IF(ISERROR(VLOOKUP(F59,#REF!,3,0)),0,VLOOKUP(F59,#REF!,3,0)) -> 0 | R59: =IF(ISERROR(VLOOKUP(F59,#REF!,4,0)),0,VLOOKUP(F59,#REF!,4,0)) -> 0 | S59: =IF(ISERROR(VLOOKUP(F59,#REF!,4,0)),0,VLOOKUP(F59,#REF!,10,0)/60*K59) -> 0
A60: =IF(C60=0,0,YEAR(C60)) -> 2019 | B60: =IF(C60>0,VLOOKUP(MONTH($C60),$AJ$3:$AK$14,2,0),0) -> SETEMBRO | C60: 43714 | E60: 2 | F60: 3 | G60: 216 | I60: 4 | J60: 50 | K60: =SUM(G60:J60) -> 270 | L60: =IF(ISERROR(VLOOKUP($F60,#REF!,6,0)*G60/1000),0,VLOOKUP($F60,#REF!,6,0)*G60/1000) -> 0 | M60: =IF(ISERROR(VLOOKUP($F60,#REF!,6,0)*H60/1000),0,VLOOKUP($F60,#REF!,6,0)*H60/1000) -> 0 | N60: =IF(ISERROR(VLOOKUP($F60,#REF!,6,0)*I60/1000),0,VLOOKUP($F60,#REF!,6,0)*I60/1000) -> 0 | O60: =IF(ISERROR(VLOOKUP($F60,#REF!,6,0)*J60/1000),0,VLOOKUP($F60,#REF!,6,0)*J60/1000) -> 0 | P60: =IF(ISERROR(VLOOKUP(F60,#REF!,6,0)*K60/1000),0,VLOOKUP(F60,#REF!,6,0)*K60/1000) -> 0 | Q60: =IF(ISERROR(VLOOKUP(F60,#REF!,3,0)),0,VLOOKUP(F60,#REF!,3,0)) -> 0 | R60: =IF(ISERROR(VLOOKUP(F60,#REF!,4,0)),0,VLOOKUP(F60,#REF!,4,0)) -> 0 | S60: =IF(ISERROR(VLOOKUP(F60,#REF!,4,0)),0,VLOOKUP(F60,#REF!,10,0)/60*K60) -> 0
A61: =IF(C61=0,0,YEAR(C61)) -> 2019 | B61: =IF(C61>0,VLOOKUP(MONTH($C61),$AJ$3:$AK$14,2,0),0) -> SETEMBRO | C61: 43714 | E61: 2 | F61: 9 | G61: 234 | H61: 80 | I61: 7 | J61: 5 | K61: =SUM(G61:J61) -> 326 | L61: =IF(ISERROR(VLOOKUP($F61,#REF!,6,0)*G61/1000),0,VLOOKUP($F61,#REF!,6,0)*G61/1000) -> 0 | M61: =IF(ISERROR(VLOOKUP($F61,#REF!,6,0)*H61/1000),0,VLOOKUP($F61,#REF!,6,0)*H61/1000) -> 0 | N61: =IF(ISERROR(VLOOKUP($F61,#REF!,6,0)*I61/1000),0,VLOOKUP($F61,#REF!,6,0)*I61/1000) -> 0 | O61: =IF(ISERROR(VLOOKUP($F61,#REF!,6,0)*J61/1000),0,VLOOKUP($F61,#REF!,6,0)*J61/1000) -> 0 | P61: =IF(ISERROR(VLOOKUP(F61,#REF!,6,0)*K61/1000),0,VLOOKUP(F61,#REF!,6,0)*K61/1000) -> 0 | Q61: =IF(ISERROR(VLOOKUP(F61,#REF!,3,0)),0,VLOOKUP(F61,#REF!,3,0)) -> 0 | R61: =IF(ISERROR(VLOOKUP(F61,#REF!,4,0)),0,VLOOKUP(F61,#REF!,4,0)) -> 0 | S61: =IF(ISERROR(VLOOKUP(F61,#REF!,4,0)),0,VLOOKUP(F61,#REF!,10,0)/60*K61) -> 0
A62: =IF(C62=0,0,YEAR(C62)) -> 2019 | B62: =IF(C62>0,VLOOKUP(MONTH($C62),$AJ$3:$AK$14,2,0),0) -> SETEMBRO | C62: 43714 | E62: 2 | F62: 18 | G62: 53 | H62: 10 | I62: 4 | K62: =SUM(G62:J62) -> 67 | L62: =IF(ISERROR(VLOOKUP($F62,#REF!,6,0)*G62/1000),0,VLOOKUP($F62,#REF!,6,0)*G62/1000) -> 0 | M62: =IF(ISERROR(VLOOKUP($F62,#REF!,6,0)*H62/1000),0,VLOOKUP($F62,#REF!,6,0)*H62/1000) -> 0 | N62: =IF(ISERROR(VLOOKUP($F62,#REF!,6,0)*I62/1000),0,VLOOKUP($F62,#REF!,6,0)*I62/1000) -> 0 | O62: =IF(ISERROR(VLOOKUP($F62,#REF!,6,0)*J62/1000),0,VLOOKUP($F62,#REF!,6,0)*J62/1000) -> 0 | P62: =IF(ISERROR(VLOOKUP(F62,#REF!,6,0)*K62/1000),0,VLOOKUP(F62,#REF!,6,0)*K62/1000) -> 0 | Q62: =IF(ISERROR(VLOOKUP(F62,#REF!,3,0)),0,VLOOKUP(F62,#REF!,3,0)) -> 0 | R62: =IF(ISERROR(VLOOKUP(F62,#REF!,4,0)),0,VLOOKUP(F62,#REF!,4,0)) -> 0 | S62: =IF(ISERROR(VLOOKUP(F62,#REF!,4,0)),0,VLOOKUP(F62,#REF!,10,0)/60*K62) -> 0
A63: =IF(C63=0,0,YEAR(C63)) -> 2019 | B63: =IF(C63>0,VLOOKUP(MONTH($C63),$AJ$3:$AK$14,2,0),0) -> SETEMBRO | C63: 43714 | E63: 1 | F63: 50 | G63: 1133 | H63: 400 | I63: 600 | K63: =SUM(G63:J63) -> 2133 | L63: =IF(ISERROR(VLOOKUP($F63,#REF!,6,0)*G63/1000),0,VLOOKUP($F63,#REF!,6,0)*G63/1000) -> 0 | M63: =IF(ISERROR(VLOOKUP($F63,#REF!,6,0)*H63/1000),0,VLOOKUP($F63,#REF!,6,0)*H63/1000) -> 0 | N63: =IF(ISERROR(VLOOKUP($F63,#REF!,6,0)*I63/1000),0,VLOOKUP($F63,#REF!,6,0)*I63/1000) -> 0 | O63: =IF(ISERROR(VLOOKUP($F63,#REF!,6,0)*J63/1000),0,VLOOKUP($F63,#REF!,6,0)*J63/1000) -> 0 | P63: =IF(ISERROR(VLOOKUP(F63,#REF!,6,0)*K63/1000),0,VLOOKUP(F63,#REF!,6,0)*K63/1000) -> 0 | Q63: =IF(ISERROR(VLOOKUP(F63,#REF!,3,0)),0,VLOOKUP(F63,#REF!,3,0)) -> 0 | R63: =IF(ISERROR(VLOOKUP(F63,#REF!,4,0)),0,VLOOKUP(F63,#REF!,4,0)) -> 0 | S63: =IF(ISERROR(VLOOKUP(F63,#REF!,4,0)),0,VLOOKUP(F63,#REF!,10,0)/60*K63) -> 0
A64: =IF(C64=0,0,YEAR(C64)) -> 2019 | B64: =IF(C64>0,VLOOKUP(MONTH($C64),$AJ$3:$AK$14,2,0),0) -> SETEMBRO | C64: 43714 | E64: 1 | F64: 49 | G64: 661 | H64: 50 | I64: 100 | K64: =SUM(G64:J64) -> 811 | L64: =IF(ISERROR(VLOOKUP($F64,#REF!,6,0)*G64/1000),0,VLOOKUP($F64,#REF!,6,0)*G64/1000) -> 0 | M64: =IF(ISERROR(VLOOKUP($F64,#REF!,6,0)*H64/1000),0,VLOOKUP($F64,#REF!,6,0)*H64/1000) -> 0 | N64: =IF(ISERROR(VLOOKUP($F64,#REF!,6,0)*I64/1000),0,VLOOKUP($F64,#REF!,6,0)*I64/1000) -> 0 | O64: =IF(ISERROR(VLOOKUP($F64,#REF!,6,0)*J64/1000),0,VLOOKUP($F64,#REF!,6,0)*J64/1000) -> 0 | P64: =IF(ISERROR(VLOOKUP(F64,#REF!,6,0)*K64/1000),0,VLOOKUP(F64,#REF!,6,0)*K64/1000) -> 0 | Q64: =IF(ISERROR(VLOOKUP(F64,#REF!,3,0)),0,VLOOKUP(F64,#REF!,3,0)) -> 0 | R64: =IF(ISERROR(VLOOKUP(F64,#REF!,4,0)),0,VLOOKUP(F64,#REF!,4,0)) -> 0 | S64: =IF(ISERROR(VLOOKUP(F64,#REF!,4,0)),0,VLOOKUP(F64,#REF!,10,0)/60*K64) -> 0
A65: =IF(C65=0,0,YEAR(C65)) -> 2019 | B65: =IF(C65>0,VLOOKUP(MONTH($C65),$AJ$3:$AK$14,2,0),0) -> SETEMBRO | C65: 43714 | E65: 1 | F65: 45 | G65: 1249 | H65: 450 | I65: 200 | K65: =SUM(G65:J65) -> 1899 | L65: =IF(ISERROR(VLOOKUP($F65,#REF!,6,0)*G65/1000),0,VLOOKUP($F65,#REF!,6,0)*G65/1000) -> 0 | M65: =IF(ISERROR(VLOOKUP($F65,#REF!,6,0)*H65/1000),0,VLOOKUP($F65,#REF!,6,0)*H65/1000) -> 0 | N65: =IF(ISERROR(VLOOKUP($F65,#REF!,6,0)*I65/1000),0,VLOOKUP($F65,#REF!,6,0)*I65/1000) -> 0 | O65: =IF(ISERROR(VLOOKUP($F65,#REF!,6,0)*J65/1000),0,VLOOKUP($F65,#REF!,6,0)*J65/1000) -> 0 | P65: =IF(ISERROR(VLOOKUP(F65,#REF!,6,0)*K65/1000),0,VLOOKUP(F65,#REF!,6,0)*K65/1000) -> 0 | Q65: =IF(ISERROR(VLOOKUP(F65,#REF!,3,0)),0,VLOOKUP(F65,#REF!,3,0)) -> 0 | R65: =IF(ISERROR(VLOOKUP(F65,#REF!,4,0)),0,VLOOKUP(F65,#REF!,4,0)) -> 0 | S65: =IF(ISERROR(VLOOKUP(F65,#REF!,4,0)),0,VLOOKUP(F65,#REF!,10,0)/60*K65) -> 0
A66: =IF(C66=0,0,YEAR(C66)) -> 2019 | B66: =IF(C66>0,VLOOKUP(MONTH($C66),$AJ$3:$AK$14,2,0),0) -> SETEMBRO | C66: 43714 | E66: 2 | F66: 50 | G66: 380 | H66: 137 | K66: =SUM(G66:J66) -> 517 | L66: =IF(ISERROR(VLOOKUP($F66,#REF!,6,0)*G66/1000),0,VLOOKUP($F66,#REF!,6,0)*G66/1000) -> 0 | M66: =IF(ISERROR(VLOOKUP($F66,#REF!,6,0)*H66/1000),0,VLOOKUP($F66,#REF!,6,0)*H66/1000) -> 0 | N66: =IF(ISERROR(VLOOKUP($F66,#REF!,6,0)*I66/1000),0,VLOOKUP($F66,#REF!,6,0)*I66/1000) -> 0 | O66: =IF(ISERROR(VLOOKUP($F66,#REF!,6,0)*J66/1000),0,VLOOKUP($F66,#REF!,6,0)*J66/1000) -> 0 | P66: =IF(ISERROR(VLOOKUP(F66,#REF!,6,0)*K66/1000),0,VLOOKUP(F66,#REF!,6,0)*K66/1000) -> 0 | Q66: =IF(ISERROR(VLOOKUP(F66,#REF!,3,0)),0,VLOOKUP(F66,#REF!,3,0)) -> 0 | R66: =IF(ISERROR(VLOOKUP(F66,#REF!,4,0)),0,VLOOKUP(F66,#REF!,4,0)) -> 0 | S66: =IF(ISERROR(VLOOKUP(F66,#REF!,4,0)),0,VLOOKUP(F66,#REF!,10,0)/60*K66) -> 0
A67: =IF(C67=0,0,YEAR(C67)) -> 2019 | B67: =IF(C67>0,VLOOKUP(MONTH($C67),$AJ$3:$AK$14,2,0),0) -> SETEMBRO | C67: 43714 | E67: 2 | F67: 49 | G67: 802 | K67: =SUM(G67:J67) -> 802 | L67: =IF(ISERROR(VLOOKUP($F67,#REF!,6,0)*G67/1000),0,VLOOKUP($F67,#REF!,6,0)*G67/1000) -> 0 | M67: =IF(ISERROR(VLOOKUP($F67,#REF!,6,0)*H67/1000),0,VLOOKUP($F67,#REF!,6,0)*H67/1000) -> 0 | N67: =IF(ISERROR(VLOOKUP($F67,#REF!,6,0)*I67/1000),0,VLOOKUP($F67,#REF!,6,0)*I67/1000) -> 0 | O67: =IF(ISERROR(VLOOKUP($F67,#REF!,6,0)*J67/1000),0,VLOOKUP($F67,#REF!,6,0)*J67/1000) -> 0 | P67: =IF(ISERROR(VLOOKUP(F67,#REF!,6,0)*K67/1000),0,VLOOKUP(F67,#REF!,6,0)*K67/1000) -> 0 | Q67: =IF(ISERROR(VLOOKUP(F67,#REF!,3,0)),0,VLOOKUP(F67,#REF!,3,0)) -> 0 | R67: =IF(ISERROR(VLOOKUP(F67,#REF!,4,0)),0,VLOOKUP(F67,#REF!,4,0)) -> 0 | S67: =IF(ISERROR(VLOOKUP(F67,#REF!,4,0)),0,VLOOKUP(F67,#REF!,10,0)/60*K67) -> 0
A68: =IF(C68=0,0,YEAR(C68)) -> 2019 | B68: =IF(C68>0,VLOOKUP(MONTH($C68),$AJ$3:$AK$14,2,0),0) -> SETEMBRO | C68: 43714 | E68: 2 | F68: 45 | G68: 500 | H68: 1002 | K68: =SUM(G68:J68) -> 1502 | L68: =IF(ISERROR(VLOOKUP($F68,#REF!,6,0)*G68/1000),0,VLOOKUP($F68,#REF!,6,0)*G68/1000) -> 0 | M68: =IF(ISERROR(VLOOKUP($F68,#REF!,6,0)*H68/1000),0,VLOOKUP($F68,#REF!,6,0)*H68/1000) -> 0 | N68: =IF(ISERROR(VLOOKUP($F68,#REF!,6,0)*I68/1000),0,VLOOKUP($F68,#REF!,6,0)*I68/1000) -> 0 | O68: =IF(ISERROR(VLOOKUP($F68,#REF!,6,0)*J68/1000),0,VLOOKUP($F68,#REF!,6,0)*J68/1000) -> 0 | P68: =IF(ISERROR(VLOOKUP(F68,#REF!,6,0)*K68/1000),0,VLOOKUP(F68,#REF!,6,0)*K68/1000) -> 0 | Q68: =IF(ISERROR(VLOOKUP(F68,#REF!,3,0)),0,VLOOKUP(F68,#REF!,3,0)) -> 0 | R68: =IF(ISERROR(VLOOKUP(F68,#REF!,4,0)),0,VLOOKUP(F68,#REF!,4,0)) -> 0 | S68: =IF(ISERROR(VLOOKUP(F68,#REF!,4,0)),0,VLOOKUP(F68,#REF!,10,0)/60*K68) -> 0
A69: =IF(C69=0,0,YEAR(C69)) -> 2019 | B69: =IF(C69>0,VLOOKUP(MONTH($C69),$AJ$3:$AK$14,2,0),0) -> SETEMBRO | C69: 43717 | E69: 1 | F69: 3 | G69: 216 | I69: 10 | K69: =SUM(G69:J69) -> 226 | L69: =IF(ISERROR(VLOOKUP($F69,#REF!,6,0)*G69/1000),0,VLOOKUP($F69,#REF!,6,0)*G69/1000) -> 0 | M69: =IF(ISERROR(VLOOKUP($F69,#REF!,6,0)*H69/1000),0,VLOOKUP($F69,#REF!,6,0)*H69/1000) -> 0 | N69: =IF(ISERROR(VLOOKUP($F69,#REF!,6,0)*I69/1000),0,VLOOKUP($F69,#REF!,6,0)*I69/1000) -> 0 | O69: =IF(ISERROR(VLOOKUP($F69,#REF!,6,0)*J69/1000),0,VLOOKUP($F69,#REF!,6,0)*J69/1000) -> 0 | P69: =IF(ISERROR(VLOOKUP(F69,#REF!,6,0)*K69/1000),0,VLOOKUP(F69,#REF!,6,0)*K69/1000) -> 0 | Q69: =IF(ISERROR(VLOOKUP(F69,#REF!,3,0)),0,VLOOKUP(F69,#REF!,3,0)) -> 0 | R69: =IF(ISERROR(VLOOKUP(F69,#REF!,4,0)),0,VLOOKUP(F69,#REF!,4,0)) -> 0 | S69: =IF(ISERROR(VLOOKUP(F69,#REF!,4,0)),0,VLOOKUP(F69,#REF!,10,0)/60*K69) -> 0
A70: =IF(C70=0,0,YEAR(C70)) -> 2019 | B70: =IF(C70>0,VLOOKUP(MONTH($C70),$AJ$3:$AK$14,2,0),0) -> SETEMBRO | C70: 43717 | E70: 1 | F70: 31 | G70: 2160 | H70: 1440 | I70: 35 | K70: =SUM(G70:J70) -> 3635 | L70: =IF(ISERROR(VLOOKUP($F70,#REF!,6,0)*G70/1000),0,VLOOKUP($F70,#REF!,6,0)*G70/1000) -> 0 | M70: =IF(ISERROR(VLOOKUP($F70,#REF!,6,0)*H70/1000),0,VLOOKUP($F70,#REF!,6,0)*H70/1000) -> 0 | N70: =IF(ISERROR(VLOOKUP($F70,#REF!,6,0)*I70/1000),0,VLOOKUP($F70,#REF!,6,0)*I70/1000) -> 0 | O70: =IF(ISERROR(VLOOKUP($F70,#REF!,6,0)*J70/1000),0,VLOOKUP($F70,#REF!,6,0)*J70/1000) -> 0 | P70: =IF(ISERROR(VLOOKUP(F70,#REF!,6,0)*K70/1000),0,VLOOKUP(F70,#REF!,6,0)*K70/1000) -> 0 | Q70: =IF(ISERROR(VLOOKUP(F70,#REF!,3,0)),0,VLOOKUP(F70,#REF!,3,0)) -> 0 | R70: =IF(ISERROR(VLOOKUP(F70,#REF!,4,0)),0,VLOOKUP(F70,#REF!,4,0)) -> 0 | S70: =IF(ISERROR(VLOOKUP(F70,#REF!,4,0)),0,VLOOKUP(F70,#REF!,10,0)/60*K70) -> 0
A71: =IF(C71=0,0,YEAR(C71)) -> 2019 | B71: =IF(C71>0,VLOOKUP(MONTH($C71),$AJ$3:$AK$14,2,0),0) -> SETEMBRO | C71: 43717 | E71: 2 | F71: 31 | G71: 4080 | H71: 1500 | I71: 150 | K71: =SUM(G71:J71) -> 5730 | L71: =IF(ISERROR(VLOOKUP($F71,#REF!,6,0)*G71/1000),0,VLOOKUP($F71,#REF!,6,0)*G71/1000) -> 0 | M71: =IF(ISERROR(VLOOKUP($F71,#REF!,6,0)*H71/1000),0,VLOOKUP($F71,#REF!,6,0)*H71/1000) -> 0 | N71: =IF(ISERROR(VLOOKUP($F71,#REF!,6,0)*I71/1000),0,VLOOKUP($F71,#REF!,6,0)*I71/1000) -> 0 | O71: =IF(ISERROR(VLOOKUP($F71,#REF!,6,0)*J71/1000),0,VLOOKUP($F71,#REF!,6,0)*J71/1000) -> 0 | P71: =IF(ISERROR(VLOOKUP(F71,#REF!,6,0)*K71/1000),0,VLOOKUP(F71,#REF!,6,0)*K71/1000) -> 0 | Q71: =IF(ISERROR(VLOOKUP(F71,#REF!,3,0)),0,VLOOKUP(F71,#REF!,3,0)) -> 0 | R71: =IF(ISERROR(VLOOKUP(F71,#REF!,4,0)),0,VLOOKUP(F71,#REF!,4,0)) -> 0 | S71: =IF(ISERROR(VLOOKUP(F71,#REF!,4,0)),0,VLOOKUP(F71,#REF!,10,0)/60*K71) -> 0
A72: =IF(C72=0,0,YEAR(C72)) -> 2019 | B72: =IF(C72>0,VLOOKUP(MONTH($C72),$AJ$3:$AK$14,2,0),0) -> SETEMBRO | C72: 43717 | E72: 1 | F72: 49 | G72: 615 | K72: =SUM(G72:J72) -> 615 | L72: =IF(ISERROR(VLOOKUP($F72,#REF!,6,0)*G72/1000),0,VLOOKUP($F72,#REF!,6,0)*G72/1000) -> 0 | M72: =IF(ISERROR(VLOOKUP($F72,#REF!,6,0)*H72/1000),0,VLOOKUP($F72,#REF!,6,0)*H72/1000) -> 0 | N72: =IF(ISERROR(VLOOKUP($F72,#REF!,6,0)*I72/1000),0,VLOOKUP($F72,#REF!,6,0)*I72/1000) -> 0 | O72: =IF(ISERROR(VLOOKUP($F72,#REF!,6,0)*J72/1000),0,VLOOKUP($F72,#REF!,6,0)*J72/1000) -> 0 | P72: =IF(ISERROR(VLOOKUP(F72,#REF!,6,0)*K72/1000),0,VLOOKUP(F72,#REF!,6,0)*K72/1000) -> 0 | Q72: =IF(ISERROR(VLOOKUP(F72,#REF!,3,0)),0,VLOOKUP(F72,#REF!,3,0)) -> 0 | R72: =IF(ISERROR(VLOOKUP(F72,#REF!,4,0)),0,VLOOKUP(F72,#REF!,4,0)) -> 0 | S72: =IF(ISERROR(VLOOKUP(F72,#REF!,4,0)),0,VLOOKUP(F72,#REF!,10,0)/60*K72) -> 0
A73: =IF(C73=0,0,YEAR(C73)) -> 2019 | B73: =IF(C73>0,VLOOKUP(MONTH($C73),$AJ$3:$AK$14,2,0),0) -> SETEMBRO | C73: 43717 | E73: 1 | F73: 45 | G73: 447 | H73: 500 | K73: =SUM(G73:J73) -> 947 | L73: =IF(ISERROR(VLOOKUP($F73,#REF!,6,0)*G73/1000),0,VLOOKUP($F73,#REF!,6,0)*G73/1000) -> 0 | M73: =IF(ISERROR(VLOOKUP($F73,#REF!,6,0)*H73/1000),0,VLOOKUP($F73,#REF!,6,0)*H73/1000) -> 0 | N73: =IF(ISERROR(VLOOKUP($F73,#REF!,6,0)*I73/1000),0,VLOOKUP($F73,#REF!,6,0)*I73/1000) -> 0 | O73: =IF(ISERROR(VLOOKUP($F73,#REF!,6,0)*J73/1000),0,VLOOKUP($F73,#REF!,6,0)*J73/1000) -> 0 | P73: =IF(ISERROR(VLOOKUP(F73,#REF!,6,0)*K73/1000),0,VLOOKUP(F73,#REF!,6,0)*K73/1000) -> 0 | Q73: =IF(ISERROR(VLOOKUP(F73,#REF!,3,0)),0,VLOOKUP(F73,#REF!,3,0)) -> 0 | R73: =IF(ISERROR(VLOOKUP(F73,#REF!,4,0)),0,VLOOKUP(F73,#REF!,4,0)) -> 0 | S73: =IF(ISERROR(VLOOKUP(F73,#REF!,4,0)),0,VLOOKUP(F73,#REF!,10,0)/60*K73) -> 0
A74: =IF(C74=0,0,YEAR(C74)) -> 2019 | B74: =IF(C74>0,VLOOKUP(MONTH($C74),$AJ$3:$AK$14,2,0),0) -> SETEMBRO | C74: 43717 | E74: 1 | F74: 26 | G74: 795 | K74: =SUM(G74:J74) -> 795 | L74: =IF(ISERROR(VLOOKUP($F74,#REF!,6,0)*G74/1000),0,VLOOKUP($F74,#REF!,6,0)*G74/1000) -> 0 | M74: =IF(ISERROR(VLOOKUP($F74,#REF!,6,0)*H74/1000),0,VLOOKUP($F74,#REF!,6,0)*H74/1000) -> 0 | N74: =IF(ISERROR(VLOOKUP($F74,#REF!,6,0)*I74/1000),0,VLOOKUP($F74,#REF!,6,0)*I74/1000) -> 0 | O74: =IF(ISERROR(VLOOKUP($F74,#REF!,6,0)*J74/1000),0,VLOOKUP($F74,#REF!,6,0)*J74/1000) -> 0 | P74: =IF(ISERROR(VLOOKUP(F74,#REF!,6,0)*K74/1000),0,VLOOKUP(F74,#REF!,6,0)*K74/1000) -> 0 | Q74: =IF(ISERROR(VLOOKUP(F74,#REF!,3,0)),0,VLOOKUP(F74,#REF!,3,0)) -> 0 | R74: =IF(ISERROR(VLOOKUP(F74,#REF!,4,0)),0,VLOOKUP(F74,#REF!,4,0)) -> 0 | S74: =IF(ISERROR(VLOOKUP(F74,#REF!,4,0)),0,VLOOKUP(F74,#REF!,10,0)/60*K74) -> 0
A75: =IF(C75=0,0,YEAR(C75)) -> 2019 | B75: =IF(C75>0,VLOOKUP(MONTH($C75),$AJ$3:$AK$14,2,0),0) -> SETEMBRO | C75: 43717 | E75: 1 | F75: 46 | G75: 301 | H75: 590 | K75: =SUM(G75:J75) -> 891 | L75: =IF(ISERROR(VLOOKUP($F75,#REF!,6,0)*G75/1000),0,VLOOKUP($F75,#REF!,6,0)*G75/1000) -> 0 | M75: =IF(ISERROR(VLOOKUP($F75,#REF!,6,0)*H75/1000),0,VLOOKUP($F75,#REF!,6,0)*H75/1000) -> 0 | N75: =IF(ISERROR(VLOOKUP($F75,#REF!,6,0)*I75/1000),0,VLOOKUP($F75,#REF!,6,0)*I75/1000) -> 0 | O75: =IF(ISERROR(VLOOKUP($F75,#REF!,6,0)*J75/1000),0,VLOOKUP($F75,#REF!,6,0)*J75/1000) -> 0 | P75: =IF(ISERROR(VLOOKUP(F75,#REF!,6,0)*K75/1000),0,VLOOKUP(F75,#REF!,6,0)*K75/1000) -> 0 | Q75: =IF(ISERROR(VLOOKUP(F75,#REF!,3,0)),0,VLOOKUP(F75,#REF!,3,0)) -> 0 | R75: =IF(ISERROR(VLOOKUP(F75,#REF!,4,0)),0,VLOOKUP(F75,#REF!,4,0)) -> 0 | S75: =IF(ISERROR(VLOOKUP(F75,#REF!,4,0)),0,VLOOKUP(F75,#REF!,10,0)/60*K75) -> 0
A76: =IF(C76=0,0,YEAR(C76)) -> 2019 | B76: =IF(C76>0,VLOOKUP(MONTH($C76),$AJ$3:$AK$14,2,0),0) -> SETEMBRO | C76: 43717 | E76: 2 | F76: 49 | G76: 432 | K76: =SUM(G76:J76) -> 432 | L76: =IF(ISERROR(VLOOKUP($F76,#REF!,6,0)*G76/1000),0,VLOOKUP($F76,#REF!,6,0)*G76/1000) -> 0 | M76: =IF(ISERROR(VLOOKUP($F76,#REF!,6,0)*H76/1000),0,VLOOKUP($F76,#REF!,6,0)*H76/1000) -> 0 | N76: =IF(ISERROR(VLOOKUP($F76,#REF!,6,0)*I76/1000),0,VLOOKUP($F76,#REF!,6,0)*I76/1000) -> 0 | O76: =IF(ISERROR(VLOOKUP($F76,#REF!,6,0)*J76/1000),0,VLOOKUP($F76,#REF!,6,0)*J76/1000) -> 0 | P76: =IF(ISERROR(VLOOKUP(F76,#REF!,6,0)*K76/1000),0,VLOOKUP(F76,#REF!,6,0)*K76/1000) -> 0 | Q76: =IF(ISERROR(VLOOKUP(F76,#REF!,3,0)),0,VLOOKUP(F76,#REF!,3,0)) -> 0 | R76: =IF(ISERROR(VLOOKUP(F76,#REF!,4,0)),0,VLOOKUP(F76,#REF!,4,0)) -> 0 | S76: =IF(ISERROR(VLOOKUP(F76,#REF!,4,0)),0,VLOOKUP(F76,#REF!,10,0)/60*K76) -> 0
A77: =IF(C77=0,0,YEAR(C77)) -> 2019 | B77: =IF(C77>0,VLOOKUP(MONTH($C77),$AJ$3:$AK$14,2,0),0) -> SETEMBRO | C77: 43717 | E77: 2 | F77: 45 | I77: 468 | K77: =SUM(G77:J77) -> 468 | L77: =IF(ISERROR(VLOOKUP($F77,#REF!,6,0)*G77/1000),0,VLOOKUP($F77,#REF!,6,0)*G77/1000) -> 0 | M77: =IF(ISERROR(VLOOKUP($F77,#REF!,6,0)*H77/1000),0,VLOOKUP($F77,#REF!,6,0)*H77/1000) -> 0 | N77: =IF(ISERROR(VLOOKUP($F77,#REF!,6,0)*I77/1000),0,VLOOKUP($F77,#REF!,6,0)*I77/1000) -> 0 | O77: =IF(ISERROR(VLOOKUP($F77,#REF!,6,0)*J77/1000),0,VLOOKUP($F77,#REF!,6,0)*J77/1000) -> 0 | P77: =IF(ISERROR(VLOOKUP(F77,#REF!,6,0)*K77/1000),0,VLOOKUP(F77,#REF!,6,0)*K77/1000) -> 0 | Q77: =IF(ISERROR(VLOOKUP(F77,#REF!,3,0)),0,VLOOKUP(F77,#REF!,3,0)) -> 0 | R77: =IF(ISERROR(VLOOKUP(F77,#REF!,4,0)),0,VLOOKUP(F77,#REF!,4,0)) -> 0 | S77: =IF(ISERROR(VLOOKUP(F77,#REF!,4,0)),0,VLOOKUP(F77,#REF!,10,0)/60*K77) -> 0
A78: =IF(C78=0,0,YEAR(C78)) -> 2019 | B78: =IF(C78>0,VLOOKUP(MONTH($C78),$AJ$3:$AK$14,2,0),0) -> SETEMBRO | C78: 43717 | E78: 2 | F78: 26 | H78: 1571 | K78: =SUM(G78:J78) -> 1571 | L78: =IF(ISERROR(VLOOKUP($F78,#REF!,6,0)*G78/1000),0,VLOOKUP($F78,#REF!,6,0)*G78/1000) -> 0 | M78: =IF(ISERROR(VLOOKUP($F78,#REF!,6,0)*H78/1000),0,VLOOKUP($F78,#REF!,6,0)*H78/1000) -> 0 | N78: =IF(ISERROR(VLOOKUP($F78,#REF!,6,0)*I78/1000),0,VLOOKUP($F78,#REF!,6,0)*I78/1000) -> 0 | O78: =IF(ISERROR(VLOOKUP($F78,#REF!,6,0)*J78/1000),0,VLOOKUP($F78,#REF!,6,0)*J78/1000) -> 0 | P78: =IF(ISERROR(VLOOKUP(F78,#REF!,6,0)*K78/1000),0,VLOOKUP(F78,#REF!,6,0)*K78/1000) -> 0 | Q78: =IF(ISERROR(VLOOKUP(F78,#REF!,3,0)),0,VLOOKUP(F78,#REF!,3,0)) -> 0 | R78: =IF(ISERROR(VLOOKUP(F78,#REF!,4,0)),0,VLOOKUP(F78,#REF!,4,0)) -> 0 | S78: =IF(ISERROR(VLOOKUP(F78,#REF!,4,0)),0,VLOOKUP(F78,#REF!,10,0)/60*K78) -> 0
A79: =IF(C79=0,0,YEAR(C79)) -> 2019 | B79: =IF(C79>0,VLOOKUP(MONTH($C79),$AJ$3:$AK$14,2,0),0) -> SETEMBRO | C79: 43717 | E79: 2 | F79: 46 | G79: 346 | H79: 616 | I79: 278 | K79: =SUM(G79:J79) -> 1240 | L79: =IF(ISERROR(VLOOKUP($F79,#REF!,6,0)*G79/1000),0,VLOOKUP($F79,#REF!,6,0)*G79/1000) -> 0 | M79: =IF(ISERROR(VLOOKUP($F79,#REF!,6,0)*H79/1000),0,VLOOKUP($F79,#REF!,6,0)*H79/1000) -> 0 | N79: =IF(ISERROR(VLOOKUP($F79,#REF!,6,0)*I79/1000),0,VLOOKUP($F79,#REF!,6,0)*I79/1000) -> 0 | O79: =IF(ISERROR(VLOOKUP($F79,#REF!,6,0)*J79/1000),0,VLOOKUP($F79,#REF!,6,0)*J79/1000) -> 0 | P79: =IF(ISERROR(VLOOKUP(F79,#REF!,6,0)*K79/1000),0,VLOOKUP(F79,#REF!,6,0)*K79/1000) -> 0 | Q79: =IF(ISERROR(VLOOKUP(F79,#REF!,3,0)),0,VLOOKUP(F79,#REF!,3,0)) -> 0 | R79: =IF(ISERROR(VLOOKUP(F79,#REF!,4,0)),0,VLOOKUP(F79,#REF!,4,0)) -> 0 | S79: =IF(ISERROR(VLOOKUP(F79,#REF!,4,0)),0,VLOOKUP(F79,#REF!,10,0)/60*K79) -> 0
A80: =IF(C80=0,0,YEAR(C80)) -> 2019 | B80: =IF(C80>0,VLOOKUP(MONTH($C80),$AJ$3:$AK$14,2,0),0) -> SETEMBRO | C80: 43717 | E80: 3 | F80: 31 | G80: 2880 | H80: 200 | I80: 90 | K80: =SUM(G80:J80) -> 3170 | L80: =IF(ISERROR(VLOOKUP($F80,#REF!,6,0)*G80/1000),0,VLOOKUP($F80,#REF!,6,0)*G80/1000) -> 0 | M80: =IF(ISERROR(VLOOKUP($F80,#REF!,6,0)*H80/1000),0,VLOOKUP($F80,#REF!,6,0)*H80/1000) -> 0 | N80: =IF(ISERROR(VLOOKUP($F80,#REF!,6,0)*I80/1000),0,VLOOKUP($F80,#REF!,6,0)*I80/1000) -> 0 | O80: =IF(ISERROR(VLOOKUP($F80,#REF!,6,0)*J80/1000),0,VLOOKUP($F80,#REF!,6,0)*J80/1000) -> 0 | P80: =IF(ISERROR(VLOOKUP(F80,#REF!,6,0)*K80/1000),0,VLOOKUP(F80,#REF!,6,0)*K80/1000) -> 0 | Q80: =IF(ISERROR(VLOOKUP(F80,#REF!,3,0)),0,VLOOKUP(F80,#REF!,3,0)) -> 0 | R80: =IF(ISERROR(VLOOKUP(F80,#REF!,4,0)),0,VLOOKUP(F80,#REF!,4,0)) -> 0 | S80: =IF(ISERROR(VLOOKUP(F80,#REF!,4,0)),0,VLOOKUP(F80,#REF!,10,0)/60*K80) -> 0
A81: =IF(C81=0,0,YEAR(C81)) -> 2019 | B81: =IF(C81>0,VLOOKUP(MONTH($C81),$AJ$3:$AK$14,2,0),0) -> SETEMBRO | C81: 43717 | E81: 3 | F81: 55 | G81: 546 | H81: 40 | I81: 150 | K81: =SUM(G81:J81) -> 736 | L81: =IF(ISERROR(VLOOKUP($F81,#REF!,6,0)*G81/1000),0,VLOOKUP($F81,#REF!,6,0)*G81/1000) -> 0 | M81: =IF(ISERROR(VLOOKUP($F81,#REF!,6,0)*H81/1000),0,VLOOKUP($F81,#REF!,6,0)*H81/1000) -> 0 | N81: =IF(ISERROR(VLOOKUP($F81,#REF!,6,0)*I81/1000),0,VLOOKUP($F81,#REF!,6,0)*I81/1000) -> 0 | O81: =IF(ISERROR(VLOOKUP($F81,#REF!,6,0)*J81/1000),0,VLOOKUP($F81,#REF!,6,0)*J81/1000) -> 0 | P81: =IF(ISERROR(VLOOKUP(F81,#REF!,6,0)*K81/1000),0,VLOOKUP(F81,#REF!,6,0)*K81/1000) -> 0 | Q81: =IF(ISERROR(VLOOKUP(F81,#REF!,3,0)),0,VLOOKUP(F81,#REF!,3,0)) -> 0 | R81: =IF(ISERROR(VLOOKUP(F81,#REF!,4,0)),0,VLOOKUP(F81,#REF!,4,0)) -> 0 | S81: =IF(ISERROR(VLOOKUP(F81,#REF!,4,0)),0,VLOOKUP(F81,#REF!,10,0)/60*K81) -> 0
A82: =IF(C82=0,0,YEAR(C82)) -> 2019 | B82: =IF(C82>0,VLOOKUP(MONTH($C82),$AJ$3:$AK$14,2,0),0) -> SETEMBRO | C82: 43718 | E82: 1 | F82: 31 | G82: 576 | H82: 100 | I82: 15 | J82: 80 | K82: =SUM(G82:J82) -> 771 | L82: =IF(ISERROR(VLOOKUP($F82,#REF!,6,0)*G82/1000),0,VLOOKUP($F82,#REF!,6,0)*G82/1000) -> 0 | M82: =IF(ISERROR(VLOOKUP($F82,#REF!,6,0)*H82/1000),0,VLOOKUP($F82,#REF!,6,0)*H82/1000) -> 0 | N82: =IF(ISERROR(VLOOKUP($F82,#REF!,6,0)*I82/1000),0,VLOOKUP($F82,#REF!,6,0)*I82/1000) -> 0 | O82: =IF(ISERROR(VLOOKUP($F82,#REF!,6,0)*J82/1000),0,VLOOKUP($F82,#REF!,6,0)*J82/1000) -> 0 | P82: =IF(ISERROR(VLOOKUP(F82,#REF!,6,0)*K82/1000),0,VLOOKUP(F82,#REF!,6,0)*K82/1000) -> 0 | Q82: =IF(ISERROR(VLOOKUP(F82,#REF!,3,0)),0,VLOOKUP(F82,#REF!,3,0)) -> 0 | R82: =IF(ISERROR(VLOOKUP(F82,#REF!,4,0)),0,VLOOKUP(F82,#REF!,4,0)) -> 0 | S82: =IF(ISERROR(VLOOKUP(F82,#REF!,4,0)),0,VLOOKUP(F82,#REF!,10,0)/60*K82) -> 0
A83: =IF(C83=0,0,YEAR(C83)) -> 2019 | B83: =IF(C83>0,VLOOKUP(MONTH($C83),$AJ$3:$AK$14,2,0),0) -> SETEMBRO | C83: 43718 | E83: 1 | F83: 9 | G83: 160 | H83: 5 | I83: 3 | J83: 8 | K83: =SUM(G83:J83) -> 176 | L83: =IF(ISERROR(VLOOKUP($F83,#REF!,6,0)*G83/1000),0,VLOOKUP($F83,#REF!,6,0)*G83/1000) -> 0 | M83: =IF(ISERROR(VLOOKUP($F83,#REF!,6,0)*H83/1000),0,VLOOKUP($F83,#REF!,6,0)*H83/1000) -> 0 | N83: =IF(ISERROR(VLOOKUP($F83,#REF!,6,0)*I83/1000),0,VLOOKUP($F83,#REF!,6,0)*I83/1000) -> 0 | O83: =IF(ISERROR(VLOOKUP($F83,#REF!,6,0)*J83/1000),0,VLOOKUP($F83,#REF!,6,0)*J83/1000) -> 0 | P83: =IF(ISERROR(VLOOKUP(F83,#REF!,6,0)*K83/1000),0,VLOOKUP(F83,#REF!,6,0)*K83/1000) -> 0 | Q83: =IF(ISERROR(VLOOKUP(F83,#REF!,3,0)),0,VLOOKUP(F83,#REF!,3,0)) -> 0 | R83: =IF(ISERROR(VLOOKUP(F83,#REF!,4,0)),0,VLOOKUP(F83,#REF!,4,0)) -> 0 | S83: =IF(ISERROR(VLOOKUP(F83,#REF!,4,0)),0,VLOOKUP(F83,#REF!,10,0)/60*K83) -> 0
A84: =IF(C84=0,0,YEAR(C84)) -> 2019 | B84: =IF(C84>0,VLOOKUP(MONTH($C84),$AJ$3:$AK$14,2,0),0) -> SETEMBRO | C84: 43718 | E84: 2 | F84: 8 | G84: 293 | H84: 33 | I84: 46 | J84: 4 | K84: =SUM(G84:J84) -> 376 | L84: =IF(ISERROR(VLOOKUP($F84,#REF!,6,0)*G84/1000),0,VLOOKUP($F84,#REF!,6,0)*G84/1000) -> 0 | M84: =IF(ISERROR(VLOOKUP($F84,#REF!,6,0)*H84/1000),0,VLOOKUP($F84,#REF!,6,0)*H84/1000) -> 0 | N84: =IF(ISERROR(VLOOKUP($F84,#REF!,6,0)*I84/1000),0,VLOOKUP($F84,#REF!,6,0)*I84/1000) -> 0 | O84: =IF(ISERROR(VLOOKUP($F84,#REF!,6,0)*J84/1000),0,VLOOKUP($F84,#REF!,6,0)*J84/1000) -> 0 | P84: =IF(ISERROR(VLOOKUP(F84,#REF!,6,0)*K84/1000),0,VLOOKUP(F84,#REF!,6,0)*K84/1000) -> 0 | Q84: =IF(ISERROR(VLOOKUP(F84,#REF!,3,0)),0,VLOOKUP(F84,#REF!,3,0)) -> 0 | R84: =IF(ISERROR(VLOOKUP(F84,#REF!,4,0)),0,VLOOKUP(F84,#REF!,4,0)) -> 0 | S84: =IF(ISERROR(VLOOKUP(F84,#REF!,4,0)),0,VLOOKUP(F84,#REF!,10,0)/60*K84) -> 0
A85: =IF(C85=0,0,YEAR(C85)) -> 2019 | B85: =IF(C85>0,VLOOKUP(MONTH($C85),$AJ$3:$AK$14,2,0),0) -> SETEMBRO | C85: 43718 | E85: 1 | F85: 49 | G85: 869 | H85: 400 | I85: 400 | K85: =SUM(G85:J85) -> 1669 | L85: =IF(ISERROR(VLOOKUP($F85,#REF!,6,0)*G85/1000),0,VLOOKUP($F85,#REF!,6,0)*G85/1000) -> 0 | M85: =IF(ISERROR(VLOOKUP($F85,#REF!,6,0)*H85/1000),0,VLOOKUP($F85,#REF!,6,0)*H85/1000) -> 0 | N85: =IF(ISERROR(VLOOKUP($F85,#REF!,6,0)*I85/1000),0,VLOOKUP($F85,#REF!,6,0)*I85/1000) -> 0 | O85: =IF(ISERROR(VLOOKUP($F85,#REF!,6,0)*J85/1000),0,VLOOKUP($F85,#REF!,6,0)*J85/1000) -> 0 | P85: =IF(ISERROR(VLOOKUP(F85,#REF!,6,0)*K85/1000),0,VLOOKUP(F85,#REF!,6,0)*K85/1000) -> 0 | Q85: =IF(ISERROR(VLOOKUP(F85,#REF!,3,0)),0,VLOOKUP(F85,#REF!,3,0)) -> 0 | R85: =IF(ISERROR(VLOOKUP(F85,#REF!,4,0)),0,VLOOKUP(F85,#REF!,4,0)) -> 0 | S85: =IF(ISERROR(VLOOKUP(F85,#REF!,4,0)),0,VLOOKUP(F85,#REF!,10,0)/60*K85) -> 0
A86: =IF(C86=0,0,YEAR(C86)) -> 2019 | B86: =IF(C86>0,VLOOKUP(MONTH($C86),$AJ$3:$AK$14,2,0),0) -> SETEMBRO | C86: 43718 | E86: 1 | F86: 45 | G86: 902 | K86: =SUM(G86:J86) -> 902 | L86: =IF(ISERROR(VLOOKUP($F86,#REF!,6,0)*G86/1000),0,VLOOKUP($F86,#REF!,6,0)*G86/1000) -> 0 | M86: =IF(ISERROR(VLOOKUP($F86,#REF!,6,0)*H86/1000),0,VLOOKUP($F86,#REF!,6,0)*H86/1000) -> 0 | N86: =IF(ISERROR(VLOOKUP($F86,#REF!,6,0)*I86/1000),0,VLOOKUP($F86,#REF!,6,0)*I86/1000) -> 0 | O86: =IF(ISERROR(VLOOKUP($F86,#REF!,6,0)*J86/1000),0,VLOOKUP($F86,#REF!,6,0)*J86/1000) -> 0 | P86: =IF(ISERROR(VLOOKUP(F86,#REF!,6,0)*K86/1000),0,VLOOKUP(F86,#REF!,6,0)*K86/1000) -> 0 | Q86: =IF(ISERROR(VLOOKUP(F86,#REF!,3,0)),0,VLOOKUP(F86,#REF!,3,0)) -> 0 | R86: =IF(ISERROR(VLOOKUP(F86,#REF!,4,0)),0,VLOOKUP(F86,#REF!,4,0)) -> 0 | S86: =IF(ISERROR(VLOOKUP(F86,#REF!,4,0)),0,VLOOKUP(F86,#REF!,10,0)/60*K86) -> 0
A87: =IF(C87=0,0,YEAR(C87)) -> 2019 | B87: =IF(C87>0,VLOOKUP(MONTH($C87),$AJ$3:$AK$14,2,0),0) -> SETEMBRO | C87: 43718 | E87: 1 | F87: 26 | G87: 1628 | K87: =SUM(G87:J87) -> 1628 | L87: =IF(ISERROR(VLOOKUP($F87,#REF!,6,0)*G87/1000),0,VLOOKUP($F87,#REF!,6,0)*G87/1000) -> 0 | M87: =IF(ISERROR(VLOOKUP($F87,#REF!,6,0)*H87/1000),0,VLOOKUP($F87,#REF!,6,0)*H87/1000) -> 0 | N87: =IF(ISERROR(VLOOKUP($F87,#REF!,6,0)*I87/1000),0,VLOOKUP($F87,#REF!,6,0)*I87/1000) -> 0 | O87: =IF(ISERROR(VLOOKUP($F87,#REF!,6,0)*J87/1000),0,VLOOKUP($F87,#REF!,6,0)*J87/1000) -> 0 | P87: =IF(ISERROR(VLOOKUP(F87,#REF!,6,0)*K87/1000),0,VLOOKUP(F87,#REF!,6,0)*K87/1000) -> 0 | Q87: =IF(ISERROR(VLOOKUP(F87,#REF!,3,0)),0,VLOOKUP(F87,#REF!,3,0)) -> 0 | R87: =IF(ISERROR(VLOOKUP(F87,#REF!,4,0)),0,VLOOKUP(F87,#REF!,4,0)) -> 0 | S87: =IF(ISERROR(VLOOKUP(F87,#REF!,4,0)),0,VLOOKUP(F87,#REF!,10,0)/60*K87) -> 0
A88: =IF(C88=0,0,YEAR(C88)) -> 2019 | B88: =IF(C88>0,VLOOKUP(MONTH($C88),$AJ$3:$AK$14,2,0),0) -> SETEMBRO | C88: 43718 | E88: 1 | F88: 46 | G88: 712 | H88: 1050 | I88: 170 | K88: =SUM(G88:J88) -> 1932 | L88: =IF(ISERROR(VLOOKUP($F88,#REF!,6,0)*G88/1000),0,VLOOKUP($F88,#REF!,6,0)*G88/1000) -> 0 | M88: =IF(ISERROR(VLOOKUP($F88,#REF!,6,0)*H88/1000),0,VLOOKUP($F88,#REF!,6,0)*H88/1000) -> 0 | N88: =IF(ISERROR(VLOOKUP($F88,#REF!,6,0)*I88/1000),0,VLOOKUP($F88,#REF!,6,0)*I88/1000) -> 0 | O88: =IF(ISERROR(VLOOKUP($F88,#REF!,6,0)*J88/1000),0,VLOOKUP($F88,#REF!,6,0)*J88/1000) -> 0 | P88: =IF(ISERROR(VLOOKUP(F88,#REF!,6,0)*K88/1000),0,VLOOKUP(F88,#REF!,6,0)*K88/1000) -> 0 | Q88: =IF(ISERROR(VLOOKUP(F88,#REF!,3,0)),0,VLOOKUP(F88,#REF!,3,0)) -> 0 | R88: =IF(ISERROR(VLOOKUP(F88,#REF!,4,0)),0,VLOOKUP(F88,#REF!,4,0)) -> 0 | S88: =IF(ISERROR(VLOOKUP(F88,#REF!,4,0)),0,VLOOKUP(F88,#REF!,10,0)/60*K88) -> 0
A89: =IF(C89=0,0,YEAR(C89)) -> 2019 | B89: =IF(C89>0,VLOOKUP(MONTH($C89),$AJ$3:$AK$14,2,0),0) -> SETEMBRO | C89: 43718 | E89: 2 | F89: 43 | G89: 505 | K89: =SUM(G89:J89) -> 505 | L89: =IF(ISERROR(VLOOKUP($F89,#REF!,6,0)*G89/1000),0,VLOOKUP($F89,#REF!,6,0)*G89/1000) -> 0 | M89: =IF(ISERROR(VLOOKUP($F89,#REF!,6,0)*H89/1000),0,VLOOKUP($F89,#REF!,6,0)*H89/1000) -> 0 | N89: =IF(ISERROR(VLOOKUP($F89,#REF!,6,0)*I89/1000),0,VLOOKUP($F89,#REF!,6,0)*I89/1000) -> 0 | O89: =IF(ISERROR(VLOOKUP($F89,#REF!,6,0)*J89/1000),0,VLOOKUP($F89,#REF!,6,0)*J89/1000) -> 0 | P89: =IF(ISERROR(VLOOKUP(F89,#REF!,6,0)*K89/1000),0,VLOOKUP(F89,#REF!,6,0)*K89/1000) -> 0 | Q89: =IF(ISERROR(VLOOKUP(F89,#REF!,3,0)),0,VLOOKUP(F89,#REF!,3,0)) -> 0 | R89: =IF(ISERROR(VLOOKUP(F89,#REF!,4,0)),0,VLOOKUP(F89,#REF!,4,0)) -> 0 | S89: =IF(ISERROR(VLOOKUP(F89,#REF!,4,0)),0,VLOOKUP(F89,#REF!,10,0)/60*K89) -> 0
A90: =IF(C90=0,0,YEAR(C90)) -> 2019 | B90: =IF(C90>0,VLOOKUP(MONTH($C90),$AJ$3:$AK$14,2,0),0) -> SETEMBRO | C90: 43718 | E90: 2 | F90: 49 | G90: 235 | H90: 10 | I90: 31 | K90: =SUM(G90:J90) -> 276 | L90: =IF(ISERROR(VLOOKUP($F90,#REF!,6,0)*G90/1000),0,VLOOKUP($F90,#REF!,6,0)*G90/1000) -> 0 | M90: =IF(ISERROR(VLOOKUP($F90,#REF!,6,0)*H90/1000),0,VLOOKUP($F90,#REF!,6,0)*H90/1000) -> 0 | N90: =IF(ISERROR(VLOOKUP($F90,#REF!,6,0)*I90/1000),0,VLOOKUP($F90,#REF!,6,0)*I90/1000) -> 0 | O90: =IF(ISERROR(VLOOKUP($F90,#REF!,6,0)*J90/1000),0,VLOOKUP($F90,#REF!,6,0)*J90/1000) -> 0 | P90: =IF(ISERROR(VLOOKUP(F90,#REF!,6,0)*K90/1000),0,VLOOKUP(F90,#REF!,6,0)*K90/1000) -> 0 | Q90: =IF(ISERROR(VLOOKUP(F90,#REF!,3,0)),0,VLOOKUP(F90,#REF!,3,0)) -> 0 | R90: =IF(ISERROR(VLOOKUP(F90,#REF!,4,0)),0,VLOOKUP(F90,#REF!,4,0)) -> 0 | S90: =IF(ISERROR(VLOOKUP(F90,#REF!,4,0)),0,VLOOKUP(F90,#REF!,10,0)/60*K90) -> 0
A91: =IF(C91=0,0,YEAR(C91)) -> 2019 | B91: =IF(C91>0,VLOOKUP(MONTH($C91),$AJ$3:$AK$14,2,0),0) -> SETEMBRO | C91: 43718 | E91: 2 | F91: 45 | G91: 226 | H91: 427 | I91: 541 | K91: =SUM(G91:J91) -> 1194 | L91: =IF(ISERROR(VLOOKUP($F91,#REF!,6,0)*G91/1000),0,VLOOKUP($F91,#REF!,6,0)*G91/1000) -> 0 | M91: =IF(ISERROR(VLOOKUP($F91,#REF!,6,0)*H91/1000),0,VLOOKUP($F91,#REF!,6,0)*H91/1000) -> 0 | N91: =IF(ISERROR(VLOOKUP($F91,#REF!,6,0)*I91/1000),0,VLOOKUP($F91,#REF!,6,0)*I91/1000) -> 0 | O91: =IF(ISERROR(VLOOKUP($F91,#REF!,6,0)*J91/1000),0,VLOOKUP($F91,#REF!,6,0)*J91/1000) -> 0 | P91: =IF(ISERROR(VLOOKUP(F91,#REF!,6,0)*K91/1000),0,VLOOKUP(F91,#REF!,6,0)*K91/1000) -> 0 | Q91: =IF(ISERROR(VLOOKUP(F91,#REF!,3,0)),0,VLOOKUP(F91,#REF!,3,0)) -> 0 | R91: =IF(ISERROR(VLOOKUP(F91,#REF!,4,0)),0,VLOOKUP(F91,#REF!,4,0)) -> 0 | S91: =IF(ISERROR(VLOOKUP(F91,#REF!,4,0)),0,VLOOKUP(F91,#REF!,10,0)/60*K91) -> 0
A92: =IF(C92=0,0,YEAR(C92)) -> 2019 | B92: =IF(C92>0,VLOOKUP(MONTH($C92),$AJ$3:$AK$14,2,0),0) -> SETEMBRO | C92: 43718 | E92: 2 | F92: 26 | H92: 866 | I92: 737 | K92: =SUM(G92:J92) -> 1603 | L92: =IF(ISERROR(VLOOKUP($F92,#REF!,6,0)*G92/1000),0,VLOOKUP($F92,#REF!,6,0)*G92/1000) -> 0 | M92: =IF(ISERROR(VLOOKUP($F92,#REF!,6,0)*H92/1000),0,VLOOKUP($F92,#REF!,6,0)*H92/1000) -> 0 | N92: =IF(ISERROR(VLOOKUP($F92,#REF!,6,0)*I92/1000),0,VLOOKUP($F92,#REF!,6,0)*I92/1000) -> 0 | O92: =IF(ISERROR(VLOOKUP($F92,#REF!,6,0)*J92/1000),0,VLOOKUP($F92,#REF!,6,0)*J92/1000) -> 0 | P92: =IF(ISERROR(VLOOKUP(F92,#REF!,6,0)*K92/1000),0,VLOOKUP(F92,#REF!,6,0)*K92/1000) -> 0 | Q92: =IF(ISERROR(VLOOKUP(F92,#REF!,3,0)),0,VLOOKUP(F92,#REF!,3,0)) -> 0 | R92: =IF(ISERROR(VLOOKUP(F92,#REF!,4,0)),0,VLOOKUP(F92,#REF!,4,0)) -> 0 | S92: =IF(ISERROR(VLOOKUP(F92,#REF!,4,0)),0,VLOOKUP(F92,#REF!,10,0)/60*K92) -> 0
A93: =IF(C93=0,0,YEAR(C93)) -> 2019 | B93: =IF(C93>0,VLOOKUP(MONTH($C93),$AJ$3:$AK$14,2,0),0) -> SETEMBRO | C93: 43718 | E93: 2 | F93: 47 | G93: 325 | K93: =SUM(G93:J93) -> 325 | L93: =IF(ISERROR(VLOOKUP($F93,#REF!,6,0)*G93/1000),0,VLOOKUP($F93,#REF!,6,0)*G93/1000) -> 0 | M93: =IF(ISERROR(VLOOKUP($F93,#REF!,6,0)*H93/1000),0,VLOOKUP($F93,#REF!,6,0)*H93/1000) -> 0 | N93: =IF(ISERROR(VLOOKUP($F93,#REF!,6,0)*I93/1000),0,VLOOKUP($F93,#REF!,6,0)*I93/1000) -> 0 | O93: =IF(ISERROR(VLOOKUP($F93,#REF!,6,0)*J93/1000),0,VLOOKUP($F93,#REF!,6,0)*J93/1000) -> 0 | P93: =IF(ISERROR(VLOOKUP(F93,#REF!,6,0)*K93/1000),0,VLOOKUP(F93,#REF!,6,0)*K93/1000) -> 0 | Q93: =IF(ISERROR(VLOOKUP(F93,#REF!,3,0)),0,VLOOKUP(F93,#REF!,3,0)) -> 0 | R93: =IF(ISERROR(VLOOKUP(F93,#REF!,4,0)),0,VLOOKUP(F93,#REF!,4,0)) -> 0 | S93: =IF(ISERROR(VLOOKUP(F93,#REF!,4,0)),0,VLOOKUP(F93,#REF!,10,0)/60*K93) -> 0
A94: =IF(C94=0,0,YEAR(C94)) -> 2019 | B94: =IF(C94>0,VLOOKUP(MONTH($C94),$AJ$3:$AK$14,2,0),0) -> SETEMBRO | C94: 43718 | E94: 3 | F94: 8 | G94: 212 | H94: 40 | I94: 18 | J94: 2 | K94: =SUM(G94:J94) -> 272 | L94: =IF(ISERROR(VLOOKUP($F94,#REF!,6,0)*G94/1000),0,VLOOKUP($F94,#REF!,6,0)*G94/1000) -> 0 | M94: =IF(ISERROR(VLOOKUP($F94,#REF!,6,0)*H94/1000),0,VLOOKUP($F94,#REF!,6,0)*H94/1000) -> 0 | N94: =IF(ISERROR(VLOOKUP($F94,#REF!,6,0)*I94/1000),0,VLOOKUP($F94,#REF!,6,0)*I94/1000) -> 0 | O94: =IF(ISERROR(VLOOKUP($F94,#REF!,6,0)*J94/1000),0,VLOOKUP($F94,#REF!,6,0)*J94/1000) -> 0 | P94: =IF(ISERROR(VLOOKUP(F94,#REF!,6,0)*K94/1000),0,VLOOKUP(F94,#REF!,6,0)*K94/1000) -> 0 | Q94: =IF(ISERROR(VLOOKUP(F94,#REF!,3,0)),0,VLOOKUP(F94,#REF!,3,0)) -> 0 | R94: =IF(ISERROR(VLOOKUP(F94,#REF!,4,0)),0,VLOOKUP(F94,#REF!,4,0)) -> 0 | S94: =IF(ISERROR(VLOOKUP(F94,#REF!,4,0)),0,VLOOKUP(F94,#REF!,10,0)/60*K94) -> 0
A95: =IF(C95=0,0,YEAR(C95)) -> 2019 | B95: =IF(C95>0,VLOOKUP(MONTH($C95),$AJ$3:$AK$14,2,0),0) -> SETEMBRO | C95: 43718 | E95: 3 | F95: 9 | G95: 23 | K95: =SUM(G95:J95) -> 23 | L95: =IF(ISERROR(VLOOKUP($F95,#REF!,6,0)*G95/1000),0,VLOOKUP($F95,#REF!,6,0)*G95/1000) -> 0 | M95: =IF(ISERROR(VLOOKUP($F95,#REF!,6,0)*H95/1000),0,VLOOKUP($F95,#REF!,6,0)*H95/1000) -> 0 | N95: =IF(ISERROR(VLOOKUP($F95,#REF!,6,0)*I95/1000),0,VLOOKUP($F95,#REF!,6,0)*I95/1000) -> 0 | O95: =IF(ISERROR(VLOOKUP($F95,#REF!,6,0)*J95/1000),0,VLOOKUP($F95,#REF!,6,0)*J95/1000) -> 0 | P95: =IF(ISERROR(VLOOKUP(F95,#REF!,6,0)*K95/1000),0,VLOOKUP(F95,#REF!,6,0)*K95/1000) -> 0 | Q95: =IF(ISERROR(VLOOKUP(F95,#REF!,3,0)),0,VLOOKUP(F95,#REF!,3,0)) -> 0 | R95: =IF(ISERROR(VLOOKUP(F95,#REF!,4,0)),0,VLOOKUP(F95,#REF!,4,0)) -> 0 | S95: =IF(ISERROR(VLOOKUP(F95,#REF!,4,0)),0,VLOOKUP(F95,#REF!,10,0)/60*K95) -> 0
A96: =IF(C96=0,0,YEAR(C96)) -> 2019 | B96: =IF(C96>0,VLOOKUP(MONTH($C96),$AJ$3:$AK$14,2,0),0) -> SETEMBRO | C96: 43718 | E96: 3 | F96: 33 | G96: 384 | H96: 150 | I96: 6 | K96: =SUM(G96:J96) -> 540 | L96: =IF(ISERROR(VLOOKUP($F96,#REF!,6,0)*G96/1000),0,VLOOKUP($F96,#REF!,6,0)*G96/1000) -> 0 | M96: =IF(ISERROR(VLOOKUP($F96,#REF!,6,0)*H96/1000),0,VLOOKUP($F96,#REF!,6,0)*H96/1000) -> 0 | N96: =IF(ISERROR(VLOOKUP($F96,#REF!,6,0)*I96/1000),0,VLOOKUP($F96,#REF!,6,0)*I96/1000) -> 0 | O96: =IF(ISERROR(VLOOKUP($F96,#REF!,6,0)*J96/1000),0,VLOOKUP($F96,#REF!,6,0)*J96/1000) -> 0 | P96: =IF(ISERROR(VLOOKUP(F96,#REF!,6,0)*K96/1000),0,VLOOKUP(F96,#REF!,6,0)*K96/1000) -> 0 | Q96: =IF(ISERROR(VLOOKUP(F96,#REF!,3,0)),0,VLOOKUP(F96,#REF!,3,0)) -> 0 | R96: =IF(ISERROR(VLOOKUP(F96,#REF!,4,0)),0,VLOOKUP(F96,#REF!,4,0)) -> 0 | S96: =IF(ISERROR(VLOOKUP(F96,#REF!,4,0)),0,VLOOKUP(F96,#REF!,10,0)/60*K96) -> 0
A97: =IF(C97=0,0,YEAR(C97)) -> 2019 | B97: =IF(C97>0,VLOOKUP(MONTH($C97),$AJ$3:$AK$14,2,0),0) -> SETEMBRO | C97: 43719 | E97: 1 | F97: 3 | G97: 1512 | I97: 40 | J97: 150 | K97: =SUM(G97:J97) -> 1702 | L97: =IF(ISERROR(VLOOKUP($F97,#REF!,6,0)*G97/1000),0,VLOOKUP($F97,#REF!,6,0)*G97/1000) -> 0 | M97: =IF(ISERROR(VLOOKUP($F97,#REF!,6,0)*H97/1000),0,VLOOKUP($F97,#REF!,6,0)*H97/1000) -> 0 | N97: =IF(ISERROR(VLOOKUP($F97,#REF!,6,0)*I97/1000),0,VLOOKUP($F97,#REF!,6,0)*I97/1000) -> 0 | O97: =IF(ISERROR(VLOOKUP($F97,#REF!,6,0)*J97/1000),0,VLOOKUP($F97,#REF!,6,0)*J97/1000) -> 0 | P97: =IF(ISERROR(VLOOKUP(F97,#REF!,6,0)*K97/1000),0,VLOOKUP(F97,#REF!,6,0)*K97/1000) -> 0 | Q97: =IF(ISERROR(VLOOKUP(F97,#REF!,3,0)),0,VLOOKUP(F97,#REF!,3,0)) -> 0 | R97: =IF(ISERROR(VLOOKUP(F97,#REF!,4,0)),0,VLOOKUP(F97,#REF!,4,0)) -> 0 | S97: =IF(ISERROR(VLOOKUP(F97,#REF!,4,0)),0,VLOOKUP(F97,#REF!,10,0)/60*K97) -> 0
A98: =IF(C98=0,0,YEAR(C98)) -> 2019 | B98: =IF(C98>0,VLOOKUP(MONTH($C98),$AJ$3:$AK$14,2,0),0) -> SETEMBRO | C98: 43719 | E98: 2 | F98: 3 | G98: 1080 | I98: 58 | J98: 142 | K98: =SUM(G98:J98) -> 1280 | L98: =IF(ISERROR(VLOOKUP($F98,#REF!,6,0)*G98/1000),0,VLOOKUP($F98,#REF!,6,0)*G98/1000) -> 0 | M98: =IF(ISERROR(VLOOKUP($F98,#REF!,6,0)*H98/1000),0,VLOOKUP($F98,#REF!,6,0)*H98/1000) -> 0 | N98: =IF(ISERROR(VLOOKUP($F98,#REF!,6,0)*I98/1000),0,VLOOKUP($F98,#REF!,6,0)*I98/1000) -> 0 | O98: =IF(ISERROR(VLOOKUP($F98,#REF!,6,0)*J98/1000),0,VLOOKUP($F98,#REF!,6,0)*J98/1000) -> 0 | P98: =IF(ISERROR(VLOOKUP(F98,#REF!,6,0)*K98/1000),0,VLOOKUP(F98,#REF!,6,0)*K98/1000) -> 0 | Q98: =IF(ISERROR(VLOOKUP(F98,#REF!,3,0)),0,VLOOKUP(F98,#REF!,3,0)) -> 0 | R98: =IF(ISERROR(VLOOKUP(F98,#REF!,4,0)),0,VLOOKUP(F98,#REF!,4,0)) -> 0 | S98: =IF(ISERROR(VLOOKUP(F98,#REF!,4,0)),0,VLOOKUP(F98,#REF!,10,0)/60*K98) -> 0
A99: =IF(C99=0,0,YEAR(C99)) -> 2019 | B99: =IF(C99>0,VLOOKUP(MONTH($C99),$AJ$3:$AK$14,2,0),0) -> SETEMBRO | C99: 43719 | E99: 2 | F99: 56 | I99: 110 | K99: =SUM(G99:J99) -> 110 | L99: =IF(ISERROR(VLOOKUP($F99,#REF!,6,0)*G99/1000),0,VLOOKUP($F99,#REF!,6,0)*G99/1000) -> 0 | M99: =IF(ISERROR(VLOOKUP($F99,#REF!,6,0)*H99/1000),0,VLOOKUP($F99,#REF!,6,0)*H99/1000) -> 0 | N99: =IF(ISERROR(VLOOKUP($F99,#REF!,6,0)*I99/1000),0,VLOOKUP($F99,#REF!,6,0)*I99/1000) -> 0 | O99: =IF(ISERROR(VLOOKUP($F99,#REF!,6,0)*J99/1000),0,VLOOKUP($F99,#REF!,6,0)*J99/1000) -> 0 | P99: =IF(ISERROR(VLOOKUP(F99,#REF!,6,0)*K99/1000),0,VLOOKUP(F99,#REF!,6,0)*K99/1000) -> 0 | Q99: =IF(ISERROR(VLOOKUP(F99,#REF!,3,0)),0,VLOOKUP(F99,#REF!,3,0)) -> 0 | R99: =IF(ISERROR(VLOOKUP(F99,#REF!,4,0)),0,VLOOKUP(F99,#REF!,4,0)) -> 0 | S99: =IF(ISERROR(VLOOKUP(F99,#REF!,4,0)),0,VLOOKUP(F99,#REF!,10,0)/60*K99) -> 0
A100: =IF(C100=0,0,YEAR(C100)) -> 2019 | B100: =IF(C100>0,VLOOKUP(MONTH($C100),$AJ$3:$AK$14,2,0),0) -> SETEMBRO | C100: 43719 | E100: 1 | F100: 43 | G100: 606 | I100: 31 | K100: =SUM(G100:J100) -> 637 | L100: =IF(ISERROR(VLOOKUP($F100,#REF!,6,0)*G100/1000),0,VLOOKUP($F100,#REF!,6,0)*G100/1000) -> 0 | M100: =IF(ISERROR(VLOOKUP($F100,#REF!,6,0)*H100/1000),0,VLOOKUP($F100,#REF!,6,0)*H100/1000) -> 0 | N100: =IF(ISERROR(VLOOKUP($F100,#REF!,6,0)*I100/1000),0,VLOOKUP($F100,#REF!,6,0)*I100/1000) -> 0 | O100: =IF(ISERROR(VLOOKUP($F100,#REF!,6,0)*J100/1000),0,VLOOKUP($F100,#REF!,6,0)*J100/1000) -> 0 | P100: =IF(ISERROR(VLOOKUP(F100,#REF!,6,0)*K100/1000),0,VLOOKUP(F100,#REF!,6,0)*K100/1000) -> 0 | Q100: =IF(ISERROR(VLOOKUP(F100,#REF!,3,0)),0,VLOOKUP(F100,#REF!,3,0)) -> 0 | R100: =IF(ISERROR(VLOOKUP(F100,#REF!,4,0)),0,VLOOKUP(F100,#REF!,4,0)) -> 0 | S100: =IF(ISERROR(VLOOKUP(F100,#REF!,4,0)),0,VLOOKUP(F100,#REF!,10,0)/60*K100) -> 0
...

Sheet HOMEM X HORA
E1: PLANEJAMENTO DE TRABALHO | N1: TEMPO DISPONÍVEL PLANEJADO HOMEM X HORA
A2: ANO | B2: MÊS | C2: DIA DA SEMANA | D2: DATA | E2: QTD POSTOS DE TRABALHO P/ ACABAMENTO LINHA 1 | I2: QTD POSTOS DE TRABALHO P/ ACABAMENTO LINHA 2 | L2: TOTAL | N2: HOMEM / HORA PLANEJADO LINHA 1 | Q2: HOMEM / HORA PLANEJADO LINHA 2 | T2: TOTAL | U2: Meta Homem Hora ativa | AE2: 1 | AF2: DOMINGO | AG2: 1 | AH2: JANEIRO
E3: NOITE | F3: DIA | G3: TARDE | I3: NOITE | J3: DIA | K3: TARDE | N3: NOITE | O3: DIA | P3: TARDE | Q3: NOITE | R3: DIA | S3: TARDE | AE3: 2 | AF3: SEGUNDA | AG3: 2 | AH3: FEVEREIRO
A5: =YEAR(D5) -> 2022 | C5: =VLOOKUP(WEEKDAY(D5),$AE$2:$AF$9,2,0) -> QUARTA | D5: 44853 | E5: =IF(WEEKDAY($D5)<2,0,IF(WEEKDAY($D5)>6,0,7)) -> 7 | F5: =IF(WEEKDAY($D5)<2,0,IF(WEEKDAY($D5)>7,0,7)) -> 7 | H5: =SUM(E5:G5) -> 14 | I5: =IF(WEEKDAY($D5)<2,0,IF(WEEKDAY($D5)>6,0,8)) -> 8 | J5: =IF(WEEKDAY($D5)<2,0,IF(WEEKDAY($D5)>7,0,8)) -> 8 | K5: =IF(WEEKDAY($D5)<2,0,IF(WEEKDAY($D5)>6,0,8)) -> 8 | L5: =SUM(I5:K5) -> 24 | N5: =E5*7.48 -> 52.36 | O5: =F5*6 -> 42 | P5: =G5*8.5 -> 0 | Q5: =I5*7.48 -> 59.84 | R5: =J5*6 -> 48 | S5: =K5*8.5 -> 68 | T5: =SUM(N5:S5) -> 270.2 | U5: =T5*0.8 -> 216.16 | AE5: 3 | AF5: TERÇA | AG5: 3 | AH5: MARÇO
A6: =YEAR(D6) -> 2022 | C6: =VLOOKUP(WEEKDAY(D6),$AE$2:$AF$9,2,0) -> QUINTA | D6: 44854 | E6: =IF(WEEKDAY($D6)<2,0,IF(WEEKDAY($D6)>6,0,7)) -> 7 | F6: =IF(WEEKDAY($D6)<2,0,IF(WEEKDAY($D6)>7,0,7)) -> 7 | H6: =SUM(E6:G6) -> 14 | I6: =IF(WEEKDAY($D6)<2,0,IF(WEEKDAY($D6)>6,0,8)) -> 8 | J6: =IF(WEEKDAY($D6)<2,0,IF(WEEKDAY($D6)>7,0,8)) -> 8 | K6: =IF(WEEKDAY($D6)<2,0,IF(WEEKDAY($D6)>6,0,8)) -> 8 | L6: =SUM(I6:K6) -> 24 | N6: =E6*7.48 -> 52.36 | O6: =F6*6 -> 42 | P6: =G6*8.5 -> 0 | Q6: =I6*7.48 -> 59.84 | R6: =J6*6 -> 48 | S6: =K6*8.5 -> 68 | T6: =SUM(N6:S6) -> 270.2 | U6: =T6*0.8 -> 216.16 | AE6: 4 | AF6: QUARTA | AG6: 4 | AH6: ABRIL
A7: =YEAR(D7) -> 2022 | C7: =VLOOKUP(WEEKDAY(D7),$AE$2:$AF$9,2,0) -> SEXTA | D7: 44855 | E7: =IF(WEEKDAY($D7)<2,0,IF(WEEKDAY($D7)>6,0,7)) -> 7 | F7: =IF(WEEKDAY($D7)<2,0,IF(WEEKDAY($D7)>7,0,7)) -> 7 | H7: =SUM(E7:G7) -> 14 | I7: =IF(WEEKDAY($D7)<2,0,IF(WEEKDAY($D7)>6,0,8)) -> 8 | J7: =IF(WEEKDAY($D7)<2,0,IF(WEEKDAY($D7)>7,0,8)) -> 8 | K7: =IF(WEEKDAY($D7)<2,0,IF(WEEKDAY($D7)>6,0,8)) -> 8 | L7: =SUM(I7:K7) -> 24 | N7: =E7*7.48 -> 52.36 | O7: =F7*6 -> 42 | P7: =G7*8.5 -> 0 | Q7: =I7*7.48 -> 59.84 | R7: =J7*6 -> 48 | S7: =K7*8.5 -> 68 | T7: =SUM(N7:S7) -> 270.2 | U7: =T7*0.8 -> 216.16 | AE7: 5 | AF7: QUINTA | AG7: 5 | AH7: MAIO
A8: =YEAR(D8) -> 2022 | C8: =VLOOKUP(WEEKDAY(D8),$AE$2:$AF$9,2,0) -> SÁBADO | D8: 44856 | E8: =IF(WEEKDAY($D8)<2,0,IF(WEEKDAY($D8)>6,0,7)) -> 0 | F8: =IF(WEEKDAY($D8)<2,0,IF(WEEKDAY($D8)>7,0,7)) -> 7 | H8: =SUM(E8:G8) -> 7 | I8: =IF(WEEKDAY($D8)<2,0,IF(WEEKDAY($D8)>6,0,8)) -> 0 | J8: =IF(WEEKDAY($D8)<2,0,IF(WEEKDAY($D8)>7,0,8)) -> 8 | K8: =IF(WEEKDAY($D8)<2,0,IF(WEEKDAY($D8)>6,0,8)) -> 0 | L8: =SUM(I8:K8) -> 8 | N8: =E8*7.48 -> 0 | O8: =F8*6 -> 42 | P8: =G8*8.5 -> 0 | Q8: =I8*7.48 -> 0 | R8: =J8*6 -> 48 | S8: =K8*8.5 -> 0 | T8: =SUM(N8:S8) -> 90 | U8: =T8*0.8 -> 72 | AE8: 6 | AF8: SEXTA | AG8: 6 | AH8: JUNHO
A9: =YEAR(D9) -> 2022 | C9: =VLOOKUP(WEEKDAY(D9),$AE$2:$AF$9,2,0) -> DOMINGO | D9: 44857 | E9: =IF(WEEKDAY($D9)<2,0,IF(WEEKDAY($D9)>6,0,7)) -> 0 | F9: =IF(WEEKDAY($D9)<2,0,IF(WEEKDAY($D9)>7,0,7)) -> 0 | H9: =SUM(E9:G9) -> 0 | I9: =IF(WEEKDAY($D9)<2,0,IF(WEEKDAY($D9)>6,0,8)) -> 0 | J9: =IF(WEEKDAY($D9)<2,0,IF(WEEKDAY($D9)>7,0,8)) -> 0 | K9: =IF(WEEKDAY($D9)<2,0,IF(WEEKDAY($D9)>6,0,8)) -> 0 | L9: =SUM(I9:K9) -> 0 | N9: =E9*7.48 -> 0 | O9: =F9*6 -> 0 | P9: =G9*8.5 -> 0 | Q9: =I9*7.48 -> 0 | R9: =J9*6 -> 0 | S9: =K9*8.5 -> 0 | T9: =SUM(N9:S9) -> 0 | U9: =T9*0.8 -> 0 | AE9: 7 | AF9: SÁBADO | AG9: 7 | AH9: JULHO
A10: =YEAR(D10) -> 2022 | C10: =VLOOKUP(WEEKDAY(D10),$AE$2:$AF$9,2,0) -> SEGUNDA | D10: 44858 | E10: =IF(WEEKDAY($D10)<2,0,IF(WEEKDAY($D10)>6,0,7)) -> 7 | F10: =IF(WEEKDAY($D10)<2,0,IF(WEEKDAY($D10)>7,0,7)) -> 7 | H10: =SUM(E10:G10) -> 14 | I10: =IF(WEEKDAY($D10)<2,0,IF(WEEKDAY($D10)>6,0,8)) -> 8 | J10: =IF(WEEKDAY($D10)<2,0,IF(WEEKDAY($D10)>7,0,8)) -> 8 | K10: =IF(WEEKDAY($D10)<2,0,IF(WEEKDAY($D10)>6,0,8)) -> 8 | L10: =SUM(I10:K10) -> 24 | N10: =E10*7.48 -> 52.36 | O10: =F10*6 -> 42 | P10: =G10*8.5 -> 0 | Q10: =I10*7.48 -> 59.84 | R10: =J10*6 -> 48 | S10: =K10*8.5 -> 68 | T10: =SUM(N10:S10) -> 270.2 | U10: =T10*0.8 -> 216.16 | AG10: 8 | AH10: AGOSTO
A11: =YEAR(D11) -> 2022 | C11: =VLOOKUP(WEEKDAY(D11),$AE$2:$AF$9,2,0) -> TERÇA | D11: 44859 | E11: =IF(WEEKDAY($D11)<2,0,IF(WEEKDAY($D11)>6,0,7)) -> 7 | F11: =IF(WEEKDAY($D11)<2,0,IF(WEEKDAY($D11)>7,0,7)) -> 7 | H11: =SUM(E11:G11) -> 14 | I11: =IF(WEEKDAY($D11)<2,0,IF(WEEKDAY($D11)>6,0,8)) -> 8 | J11: =IF(WEEKDAY($D11)<2,0,IF(WEEKDAY($D11)>7,0,8)) -> 8 | K11: =IF(WEEKDAY($D11)<2,0,IF(WEEKDAY($D11)>6,0,8)) -> 8 | L11: =SUM(I11:K11) -> 24 | N11: =E11*7.48 -> 52.36 | O11: =F11*6 -> 42 | P11: =G11*8.5 -> 0 | Q11: =I11*7.48 -> 59.84 | R11: =J11*6 -> 48 | S11: =K11*8.5 -> 68 | T11: =SUM(N11:S11) -> 270.2 | U11: =T11*0.8 -> 216.16 | AG11: 9 | AH11: SETEMBRO
A12: =YEAR(D12) -> 2022 | C12: =VLOOKUP(WEEKDAY(D12),$AE$2:$AF$9,2,0) -> QUARTA | D12: 44860 | E12: =IF(WEEKDAY($D12)<2,0,IF(WEEKDAY($D12)>6,0,7)) -> 7 | F12: =IF(WEEKDAY($D12)<2,0,IF(WEEKDAY($D12)>7,0,7)) -> 7 | H12: =SUM(E12:G12) -> 14 | I12: =IF(WEEKDAY($D12)<2,0,IF(WEEKDAY($D12)>6,0,8)) -> 8 | J12: =IF(WEEKDAY($D12)<2,0,IF(WEEKDAY($D12)>7,0,8)) -> 8 | K12: =IF(WEEKDAY($D12)<2,0,IF(WEEKDAY($D12)>6,0,8)) -> 8 | L12: =SUM(I12:K12) -> 24 | N12: =E12*7.48 -> 52.36 | O12: =F12*6 -> 42 | P12: =G12*8.5 -> 0 | Q12: =I12*7.48 -> 59.84 | R12: =J12*6 -> 48 | S12: =K12*8.5 -> 68 | T12: =SUM(N12:S12) -> 270.2 | U12: =T12*0.8 -> 216.16 | AG12: 10 | AH12: OUTUBRO
A13: =YEAR(D13) -> 2022 | C13: =VLOOKUP(WEEKDAY(D13),$AE$2:$AF$9,2,0) -> QUINTA | D13: 44861 | E13: =IF(WEEKDAY($D13)<2,0,IF(WEEKDAY($D13)>6,0,7)) -> 7 | F13: =IF(WEEKDAY($D13)<2,0,IF(WEEKDAY($D13)>7,0,7)) -> 7 | H13: =SUM(E13:G13) -> 14 | I13: =IF(WEEKDAY($D13)<2,0,IF(WEEKDAY($D13)>6,0,8)) -> 8 | J13: =IF(WEEKDAY($D13)<2,0,IF(WEEKDAY($D13)>7,0,8)) -> 8 | K13: =IF(WEEKDAY($D13)<2,0,IF(WEEKDAY($D13)>6,0,8)) -> 8 | L13: =SUM(I13:K13) -> 24 | N13: =E13*7.48 -> 52.36 | O13: =F13*6 -> 42 | P13: =G13*8.5 -> 0 | Q13: =I13*7.48 -> 59.84 | R13: =J13*6 -> 48 | S13: =K13*8.5 -> 68 | T13: =SUM(N13:S13) -> 270.2 | U13: =T13*0.8 -> 216.16 | AG13: 11 | AH13: NOVEMBRO
A14: =YEAR(D14) -> 2022 | C14: =VLOOKUP(WEEKDAY(D14),$AE$2:$AF$9,2,0) -> SEXTA | D14: 44862 | E14: =IF(WEEKDAY($D14)<2,0,IF(WEEKDAY($D14)>6,0,7)) -> 7 | F14: =IF(WEEKDAY($D14)<2,0,IF(WEEKDAY($D14)>7,0,7)) -> 7 | H14: =SUM(E14:G14) -> 14 | I14: =IF(WEEKDAY($D14)<2,0,IF(WEEKDAY($D14)>6,0,8)) -> 8 | J14: =IF(WEEKDAY($D14)<2,0,IF(WEEKDAY($D14)>7,0,8)) -> 8 | K14: =IF(WEEKDAY($D14)<2,0,IF(WEEKDAY($D14)>6,0,8)) -> 8 | L14: =SUM(I14:K14) -> 24 | N14: =E14*7.48 -> 52.36 | O14: =F14*6 -> 42 | P14: =G14*8.5 -> 0 | Q14: =I14*7.48 -> 59.84 | R14: =J14*6 -> 48 | S14: =K14*8.5 -> 68 | T14: =SUM(N14:S14) -> 270.2 | U14: =T14*0.8 -> 216.16 | AG14: 12 | AH14: DEZEMBRO
A15: =YEAR(D15) -> 2022 | C15: =VLOOKUP(WEEKDAY(D15),$AE$2:$AF$9,2,0) -> SÁBADO | D15: 44863 | E15: =IF(WEEKDAY($D15)<2,0,IF(WEEKDAY($D15)>6,0,7)) -> 0 | F15: =IF(WEEKDAY($D15)<2,0,IF(WEEKDAY($D15)>7,0,7)) -> 7 | H15: =SUM(E15:G15) -> 7 | I15: =IF(WEEKDAY($D15)<2,0,IF(WEEKDAY($D15)>6,0,8)) -> 0 | J15: =IF(WEEKDAY($D15)<2,0,IF(WEEKDAY($D15)>7,0,8)) -> 8 | K15: =IF(WEEKDAY($D15)<2,0,IF(WEEKDAY($D15)>6,0,8)) -> 0 | L15: =SUM(I15:K15) -> 8 | N15: =E15*7.48 -> 0 | O15: =F15*6 -> 42 | P15: =G15*8.5 -> 0 | Q15: =I15*7.48 -> 0 | R15: =J15*6 -> 48 | S15: =K15*8.5 -> 0 | T15: =SUM(N15:S15) -> 90 | U15: =T15*0.8 -> 72
A16: =YEAR(D16) -> 2022 | C16: =VLOOKUP(WEEKDAY(D16),$AE$2:$AF$9,2,0) -> DOMINGO | D16: 44864 | E16: =IF(WEEKDAY($D16)<2,0,IF(WEEKDAY($D16)>6,0,7)) -> 0 | F16: =IF(WEEKDAY($D16)<2,0,IF(WEEKDAY($D16)>7,0,7)) -> 0 | H16: =SUM(E16:G16) -> 0 | I16: =IF(WEEKDAY($D16)<2,0,IF(WEEKDAY($D16)>6,0,8)) -> 0 | J16: =IF(WEEKDAY($D16)<2,0,IF(WEEKDAY($D16)>7,0,8)) -> 0 | K16: =IF(WEEKDAY($D16)<2,0,IF(WEEKDAY($D16)>6,0,8)) -> 0 | L16: =SUM(I16:K16) -> 0 | N16: =E16*7.48 -> 0 | O16: =F16*6 -> 0 | P16: =G16*8.5 -> 0 | Q16: =I16*7.48 -> 0 | R16: =J16*6 -> 0 | S16: =K16*8.5 -> 0 | T16: =SUM(N16:S16) -> 0 | U16: =T16*0.8 -> 0
A17: =YEAR(D17) -> 2022 | C17: =VLOOKUP(WEEKDAY(D17),$AE$2:$AF$9,2,0) -> SEGUNDA | D17: 44865 | E17: =IF(WEEKDAY($D17)<2,0,IF(WEEKDAY($D17)>6,0,7)) -> 7 | F17: =IF(WEEKDAY($D17)<2,0,IF(WEEKDAY($D17)>7,0,7)) -> 7 | H17: =SUM(E17:G17) -> 14 | I17: =IF(WEEKDAY($D17)<2,0,IF(WEEKDAY($D17)>6,0,8)) -> 8 | J17: =IF(WEEKDAY($D17)<2,0,IF(WEEKDAY($D17)>7,0,8)) -> 8 | K17: =IF(WEEKDAY($D17)<2,0,IF(WEEKDAY($D17)>6,0,8)) -> 8 | L17: =SUM(I17:K17) -> 24 | N17: =E17*7.48 -> 52.36 | O17: =F17*6 -> 42 | P17: =G17*8.5 -> 0 | Q17: =I17*7.48 -> 59.84 | R17: =J17*6 -> 48 | S17: =K17*8.5 -> 68 | T17: =SUM(N17:S17) -> 270.2 | U17: =T17*0.8 -> 216.16
A18: =YEAR(D18) -> 2022 | C18: =VLOOKUP(WEEKDAY(D18),$AE$2:$AF$9,2,0) -> TERÇA | D18: 44866 | E18: =IF(WEEKDAY($D18)<2,0,IF(WEEKDAY($D18)>6,0,7)) -> 7 | F18: =IF(WEEKDAY($D18)<2,0,IF(WEEKDAY($D18)>7,0,7)) -> 7 | H18: =SUM(E18:G18) -> 14 | I18: =IF(WEEKDAY($D18)<2,0,IF(WEEKDAY($D18)>6,0,8)) -> 8 | J18: =IF(WEEKDAY($D18)<2,0,IF(WEEKDAY($D18)>7,0,8)) -> 8 | K18: =IF(WEEKDAY($D18)<2,0,IF(WEEKDAY($D18)>6,0,8)) -> 8 | L18: =SUM(I18:K18) -> 24 | N18: =E18*7.48 -> 52.36 | O18: =F18*6 -> 42 | P18: =G18*8.5 -> 0 | Q18: =I18*7.48 -> 59.84 | R18: =J18*6 -> 48 | S18: =K18*8.5 -> 68 | T18: =SUM(N18:S18) -> 270.2 | U18: =T18*0.8 -> 216.16
A19: =YEAR(D19) -> 2022 | C19: =VLOOKUP(WEEKDAY(D19),$AE$2:$AF$9,2,0) -> QUARTA | D19: 44867 | E19: =IF(WEEKDAY($D19)<2,0,IF(WEEKDAY($D19)>6,0,7)) -> 7 | F19: =IF(WEEKDAY($D19)<2,0,IF(WEEKDAY($D19)>7,0,7)) -> 7 | H19: =SUM(E19:G19) -> 14 | I19: =IF(WEEKDAY($D19)<2,0,IF(WEEKDAY($D19)>6,0,8)) -> 8 | J19: =IF(WEEKDAY($D19)<2,0,IF(WEEKDAY($D19)>7,0,8)) -> 8 | K19: =IF(WEEKDAY($D19)<2,0,IF(WEEKDAY($D19)>6,0,8)) -> 8 | L19: =SUM(I19:K19) -> 24 | N19: =E19*7.48 -> 52.36 | O19: =F19*6 -> 42 | P19: =G19*8.5 -> 0 | Q19: =I19*7.48 -> 59.84 | R19: =J19*6 -> 48 | S19: =K19*8.5 -> 68 | T19: =SUM(N19:S19) -> 270.2 | U19: =T19*0.8 -> 216.16
A20: =YEAR(D20) -> 2022 | C20: =VLOOKUP(WEEKDAY(D20),$AE$2:$AF$9,2,0) -> QUINTA | D20: 44868 | E20: =IF(WEEKDAY($D20)<2,0,IF(WEEKDAY($D20)>6,0,7)) -> 7 | F20: =IF(WEEKDAY($D20)<2,0,IF(WEEKDAY($D20)>7,0,7)) -> 7 | H20: =SUM(E20:G20) -> 14 | I20: =IF(WEEKDAY($D20)<2,0,IF(WEEKDAY($D20)>6,0,8)) -> 8 | J20: =IF(WEEKDAY($D20)<2,0,IF(WEEKDAY($D20)>7,0,8)) -> 8 | K20: =IF(WEEKDAY($D20)<2,0,IF(WEEKDAY($D20)>6,0,8)) -> 8 | L20: =SUM(I20:K20) -> 24 | N20: =E20*7.48 -> 52.36 | O20: =F20*6 -> 42 | P20: =G20*8.5 -> 0 | Q20: =I20*7.48 -> 59.84 | R20: =J20*6 -> 48 | S20: =K20*8.5 -> 68 | T20: =SUM(N20:S20) -> 270.2 | U20: =T20*0.8 -> 216.16
A21: =YEAR(D21) -> 2022 | C21: =VLOOKUP(WEEKDAY(D21),$AE$2:$AF$9,2,0) -> SEXTA | D21: 44869 | E21: =IF(WEEKDAY($D21)<2,0,IF(WEEKDAY($D21)>6,0,7)) -> 7 | F21: =IF(WEEKDAY($D21)<2,0,IF(WEEKDAY($D21)>7,0,7)) -> 7 | H21: =SUM(E21:G21) -> 14 | I21: =IF(WEEKDAY($D21)<2,0,IF(WEEKDAY($D21)>6,0,8)) -> 8 | J21: =IF(WEEKDAY($D21)<2,0,IF(WEEKDAY($D21)>7,0,8)) -> 8 | K21: =IF(WEEKDAY($D21)<2,0,IF(WEEKDAY($D21)>6,0,8)) -> 8 | L21: =SUM(I21:K21) -> 24 | N21: =E21*7.48 -> 52.36 | O21: =F21*6 -> 42 | P21: =G21*8.5 -> 0 | Q21: =I21*7.48 -> 59.84 | R21: =J21*6 -> 48 | S21: =K21*8.5 -> 68 | T21: =SUM(N21:S21) -> 270.2 | U21: =T21*0.8 -> 216.16
A22: =YEAR(D22) -> 2022 | C22: =VLOOKUP(WEEKDAY(D22),$AE$2:$AF$9,2,0) -> SÁBADO | D22: 44870 | E22: =IF(WEEKDAY($D22)<2,0,IF(WEEKDAY($D22)>6,0,7)) -> 0 | F22: =IF(WEEKDAY($D22)<2,0,IF(WEEKDAY($D22)>7,0,7)) -> 7 | H22: =SUM(E22:G22) -> 7 | I22: =IF(WEEKDAY($D22)<2,0,IF(WEEKDAY($D22)>6,0,8)) -> 0 | J22: =IF(WEEKDAY($D22)<2,0,IF(WEEKDAY($D22)>7,0,8)) -> 8 | K22: =IF(WEEKDAY($D22)<2,0,IF(WEEKDAY($D22)>6,0,8)) -> 0 | L22: =SUM(I22:K22) -> 8 | N22: =E22*7.48 -> 0 | O22: =F22*6 -> 42 | P22: =G22*8.5 -> 0 | Q22: =I22*7.48 -> 0 | R22: =J22*6 -> 48 | S22: =K22*8.5 -> 0 | T22: =SUM(N22:S22) -> 90 | U22: =T22*0.8 -> 72
A23: =YEAR(D23) -> 2022 | C23: =VLOOKUP(WEEKDAY(D23),$AE$2:$AF$9,2,0) -> DOMINGO | D23: 44871 | E23: =IF(WEEKDAY($D23)<2,0,IF(WEEKDAY($D23)>6,0,7)) -> 0 | F23: =IF(WEEKDAY($D23)<2,0,IF(WEEKDAY($D23)>7,0,7)) -> 0 | H23: =SUM(E23:G23) -> 0 | I23: =IF(WEEKDAY($D23)<2,0,IF(WEEKDAY($D23)>6,0,8)) -> 0 | J23: =IF(WEEKDAY($D23)<2,0,IF(WEEKDAY($D23)>7,0,8)) -> 0 | K23: =IF(WEEKDAY($D23)<2,0,IF(WEEKDAY($D23)>6,0,8)) -> 0 | L23: =SUM(I23:K23) -> 0 | N23: =E23*7.48 -> 0 | O23: =F23*6 -> 0 | P23: =G23*8.5 -> 0 | Q23: =I23*7.48 -> 0 | R23: =J23*6 -> 0 | S23: =K23*8.5 -> 0 | T23: =SUM(N23:S23) -> 0 | U23: =T23*0.8 -> 0
A24: =YEAR(D24) -> 2022 | C24: =VLOOKUP(WEEKDAY(D24),$AE$2:$AF$9,2,0) -> SEGUNDA | D24: 44872 | E24: =IF(WEEKDAY($D24)<2,0,IF(WEEKDAY($D24)>6,0,7)) -> 7 | F24: =IF(WEEKDAY($D24)<2,0,IF(WEEKDAY($D24)>7,0,7)) -> 7 | H24: =SUM(E24:G24) -> 14 | I24: =IF(WEEKDAY($D24)<2,0,IF(WEEKDAY($D24)>6,0,8)) -> 8 | J24: =IF(WEEKDAY($D24)<2,0,IF(WEEKDAY($D24)>7,0,8)) -> 8 | K24: =IF(WEEKDAY($D24)<2,0,IF(WEEKDAY($D24)>6,0,8)) -> 8 | L24: =SUM(I24:K24) -> 24 | N24: =E24*7.48 -> 52.36 | O24: =F24*6 -> 42 | P24: =G24*8.5 -> 0 | Q24: =I24*7.48 -> 59.84 | R24: =J24*6 -> 48 | S24: =K24*8.5 -> 68 | T24: =SUM(N24:S24) -> 270.2 | U24: =T24*0.8 -> 216.16
A25: =YEAR(D25) -> 2022 | C25: =VLOOKUP(WEEKDAY(D25),$AE$2:$AF$9,2,0) -> TERÇA | D25: 44873 | E25: =IF(WEEKDAY($D25)<2,0,IF(WEEKDAY($D25)>6,0,7)) -> 7 | F25: =IF(WEEKDAY($D25)<2,0,IF(WEEKDAY($D25)>7,0,7)) -> 7 | H25: =SUM(E25:G25) -> 14 | I25: =IF(WEEKDAY($D25)<2,0,IF(WEEKDAY($D25)>6,0,8)) -> 8 | J25: =IF(WEEKDAY($D25)<2,0,IF(WEEKDAY($D25)>7,0,8)) -> 8 | K25: =IF(WEEKDAY($D25)<2,0,IF(WEEKDAY($D25)>6,0,8)) -> 8 | L25: =SUM(I25:K25) -> 24 | N25: =E25*7.48 -> 52.36 | O25: =F25*6 -> 42 | P25: =G25*8.5 -> 0 | Q25: =I25*7.48 -> 59.84 | R25: =J25*6 -> 48 | S25: =K25*8.5 -> 68 | T25: =SUM(N25:S25) -> 270.2 | U25: =T25*0.8 -> 216.16
A26: =YEAR(D26) -> 2022 | C26: =VLOOKUP(WEEKDAY(D26),$AE$2:$AF$9,2,0) -> QUARTA | D26: 44874 | E26: =IF(WEEKDAY($D26)<2,0,IF(WEEKDAY($D26)>6,0,7)) -> 7 | F26: =IF(WEEKDAY($D26)<2,0,IF(WEEKDAY($D26)>7,0,7)) -> 7 | H26: =SUM(E26:G26) -> 14 | I26: =IF(WEEKDAY($D26)<2,0,IF(WEEKDAY($D26)>6,0,8)) -> 8 | J26: =IF(WEEKDAY($D26)<2,0,IF(WEEKDAY($D26)>7,0,8)) -> 8 | K26: =IF(WEEKDAY($D26)<2,0,IF(WEEKDAY($D26)>6,0,8)) -> 8 | L26: =SUM(I26:K26) -> 24 | N26: =E26*7.48 -> 52.36 | O26: =F26*6 -> 42 | P26: =G26*8.5 -> 0 | Q26: =I26*7.48 -> 59.84 | R26: =J26*6 -> 48 | S26: =K26*8.5 -> 68 | T26: =SUM(N26:S26) -> 270.2 | U26: =T26*0.8 -> 216.16
... A126: =YEAR(D126) -> 2023 | C126: =VLOOKUP(WEEKDAY(D126),$AE$2:$AF$9,2,0) -> SEXTA | D126: 44974 | E126: =IF(WEEKDAY($D126)<2,0,IF(WEEKDAY($D126)>6,0,7)) -> 7 | F126: =IF(WEEKDAY($D126)<2,0,IF(WEEKDAY($D126)>7,0,7)) -> 7 | H126: =SUM(E126:G126) -> 14 | I126: =IF(WEEKDAY($D126)<2,0,IF(WEEKDAY($D126)>6,0,8)) -> 8 | J126: =IF(WEEKDAY($D126)<2,0,IF(WEEKDAY($D126)>7,0,8)) -> 8 | K126: =IF(WEEKDAY($D126)<2,0,IF(WEEKDAY($D126)>6,0,8)) -> 8 | L126: =SUM(I126:K126) -> 24 | N126: =E126*7.48 -> 52.36 | O126: =F126*6 -> 42 | P126: =G126*8.5 -> 0 | Q126: =I126*7.48 -> 59.84 | R126: =J126*6 -> 48 | S126: =K126*8.5 -> 68 | T126: =SUM(N126:S126) -> 270.2 | U126: =T126*0.8 -> 216.16
A127: =YEAR(D127) -> 2023 | B127: =VLOOKUP(MONTH(D127),$AG$2:$AH$14,2,0) -> FEVEREIRO | C127: =VLOOKUP(WEEKDAY(D127),$AE$2:$AF$9,2,0) -> SÁBADO | D127: 44975 | E127: =IF(WEEKDAY($D127)<2,0,IF(WEEKDAY($D127)>6,0,7)) -> 0 | F127: =IF(WEEKDAY($D127)<2,0,IF(WEEKDAY($D127)>7,0,7)) -> 7 | H127: =SUM(E127:G127) -> 7 | I127: =IF(WEEKDAY($D127)<2,0,IF(WEEKDAY($D127)>6,0,8)) -> 0 | J127: =IF(WEEKDAY($D127)<2,0,IF(WEEKDAY($D127)>7,0,8)) -> 8 | K127: =IF(WEEKDAY($D127)<2,0,IF(WEEKDAY($D127)>6,0,8)) -> 0 | L127: =SUM(I127:K127) -> 8 | N127: =E127*7.48 -> 0 | O127: =F127*6 -> 42 | P127: =G127*8.5 -> 0 | Q127: =I127*7.48 -> 0 | R127: =J127*6 -> 48 | S127: =K127*8.5 -> 0 | T127: =SUM(N127:S127) -> 90 | U127: =T127*0.8 -> 72
A128: =YEAR(D128) -> 2023 | B128: =VLOOKUP(MONTH(D128),$AG$2:$AH$14,2,0) -> FEVEREIRO | C128: =VLOOKUP(WEEKDAY(D128),$AE$2:$AF$9,2,0) -> DOMINGO | D128: 44976 | E128: =IF(WEEKDAY($D128)<2,0,IF(WEEKDAY($D128)>6,0,7)) -> 0 | F128: =IF(WEEKDAY($D128)<2,0,IF(WEEKDAY($D128)>7,0,7)) -> 0 | H128: =SUM(E128:G128) -> 0 | I128: =IF(WEEKDAY($D128)<2,0,IF(WEEKDAY($D128)>6,0,8)) -> 0 | J128: =IF(WEEKDAY($D128)<2,0,IF(WEEKDAY($D128)>7,0,8)) -> 0 | K128: =IF(WEEKDAY($D128)<2,0,IF(WEEKDAY($D128)>6,0,8)) -> 0 | L128: =SUM(I128:K128) -> 0 | N128: =E128*7.48 -> 0 | O128: =F128*6 -> 0 | P128: =G128*8.5 -> 0 | Q128: =I128*7.48 -> 0 | R128: =J128*6 -> 0 | S128: =K128*8.5 -> 0 | T128: =SUM(N128:S128) -> 0 | U128: =T128*0.8 -> 0
A129: =YEAR(D129) -> 2023 | B129: =VLOOKUP(MONTH(D129),$AG$2:$AH$14,2,0) -> FEVEREIRO | C129: =VLOOKUP(WEEKDAY(D129),$AE$2:$AF$9,2,0) -> SEGUNDA | D129: 44977 | E129: =IF(WEEKDAY($D129)<2,0,IF(WEEKDAY($D129)>6,0,7)) -> 7 | F129: =IF(WEEKDAY($D129)<2,0,IF(WEEKDAY($D129)>7,0,7)) -> 7 | H129: =SUM(E129:G129) -> 14 | I129: =IF(WEEKDAY($D129)<2,0,IF(WEEKDAY($D129)>6,0,8)) -> 8 | J129: =IF(WEEKDAY($D129)<2,0,IF(WEEKDAY($D129)>7,0,8)) -> 8 | K129: =IF(WEEKDAY($D129)<2,0,IF(WEEKDAY($D129)>6,0,8)) -> 8 | L129: =SUM(I129:K129) -> 24 | N129: =E129*7.48 -> 52.36 | O129: =F129*6 -> 42 | P129: =G129*8.5 -> 0 | Q129: =I129*7.48 -> 59.84 | R129: =J129*6 -> 48 | S129: =K129*8.5 -> 68 | T129: =SUM(N129:S129) -> 270.2 | U129: =T129*0.8 -> 216.16
A130: =YEAR(D130) -> 2023 | B130: =VLOOKUP(MONTH(D130),$AG$2:$AH$14,2,0) -> FEVEREIRO | C130: =VLOOKUP(WEEKDAY(D130),$AE$2:$AF$9,2,0) -> TERÇA | D130: 44978 | E130: =IF(WEEKDAY($D130)<2,0,IF(WEEKDAY($D130)>6,0,7)) -> 7 | F130: =IF(WEEKDAY($D130)<2,0,IF(WEEKDAY($D130)>7,0,7)) -> 7 | H130: =SUM(E130:G130) -> 14 | I130: =IF(WEEKDAY($D130)<2,0,IF(WEEKDAY($D130)>6,0,8)) -> 8 | J130: =IF(WEEKDAY($D130)<2,0,IF(WEEKDAY($D130)>7,0,8)) -> 8 | K130: =IF(WEEKDAY($D130)<2,0,IF(WEEKDAY($D130)>6,0,8)) -> 8 | L130: =SUM(I130:K130) -> 24 | N130: =E130*7.48 -> 52.36 | O130: =F130*6 -> 42 | P130: =G130*8.5 -> 0 | Q130: =I130*7.48 -> 59.84 | R130: =J130*6 -> 48 | S130: =K130*8.5 -> 68 | T130: =SUM(N130:S130) -> 270.2 | U130: =T130*0.8 -> 216.16
A131: =YEAR(D131) -> 2023 | B131: =VLOOKUP(MONTH(D131),$AG$2:$AH$14,2,0) -> FEVEREIRO | C131: =VLOOKUP(WEEKDAY(D131),$AE$2:$AF$9,2,0) -> QUARTA | D131: 44979 | E131: =IF(WEEKDAY($D131)<2,0,IF(WEEKDAY($D131)>6,0,7)) -> 7 | F131: =IF(WEEKDAY($D131)<2,0,IF(WEEKDAY($D131)>7,0,7)) -> 7 | H131: =SUM(E131:G131) -> 14 | I131: =IF(WEEKDAY($D131)<2,0,IF(WEEKDAY($D131)>6,0,8)) -> 8 | J131: =IF(WEEKDAY($D131)<2,0,IF(WEEKDAY($D131)>7,0,8)) -> 8 | K131: =IF(WEEKDAY($D131)<2,0,IF(WEEKDAY($D131)>6,0,8)) -> 8 | L131: =SUM(I131:K131) -> 24 | N131: =E131*7.48 -> 52.36 | O131: =F131*6 -> 42 | P131: =G131*8.5 -> 0 | Q131: =I131*7.48 -> 59.84 | R131: =J131*6 -> 48 | S131: =K131*8.5 -> 68 | T131: =SUM(N131:S131) -> 270.2 | U131: =T131*0.8 -> 216.16
A132: =YEAR(D132) -> 2023 | B132: =VLOOKUP(MONTH(D132),$AG$2:$AH$14,2,0) -> FEVEREIRO | C132: =VLOOKUP(WEEKDAY(D132),$AE$2:$AF$9,2,0) -> QUINTA | D132: 44980 | E132: =IF(WEEKDAY($D132)<2,0,IF(WEEKDAY($D132)>6,0,7)) -> 7 | F132: =IF(WEEKDAY($D132)<2,0,IF(WEEKDAY($D132)>7,0,7)) -> 7 | H132: =SUM(E132:G132) -> 14 | I132: =IF(WEEKDAY($D132)<2,0,IF(WEEKDAY($D132)>6,0,8)) -> 8 | J132: =IF(WEEKDAY($D132)<2,0,IF(WEEKDAY($D132)>7,0,8)) -> 8 | K132: =IF(WEEKDAY($D132)<2,0,IF(WEEKDAY($D132)>6,0,8)) -> 8 | L132: =SUM(I132:K132) -> 24 | N132: =E132*7.48 -> 52.36 | O132: =F132*6 -> 42 | P132: =G132*8.5 -> 0 | Q132: =I132*7.48 -> 59.84 | R132: =J132*6 -> 48 | S132: =K132*8.5 -> 68 | T132: =SUM(N132:S132) -> 270.2 | U132: =T132*0.8 -> 216.16
A133: =YEAR(D133) -> 2023 | B133: =VLOOKUP(MONTH(D133),$AG$2:$AH$14,2,0) -> FEVEREIRO | C133: =VLOOKUP(WEEKDAY(D133),$AE$2:$AF$9,2,0) -> SEXTA | D133: 44981 | E133: =IF(WEEKDAY($D133)<2,0,IF(WEEKDAY($D133)>6,0,7)) -> 7 | F133: =IF(WEEKDAY($D133)<2,0,IF(WEEKDAY($D133)>7,0,7)) -> 7 | H133: =SUM(E133:G133) -> 14 | I133: =IF(WEEKDAY($D133)<2,0,IF(WEEKDAY($D133)>6,0,8)) -> 8 | J133: =IF(WEEKDAY($D133)<2,0,IF(WEEKDAY($D133)>7,0,8)) -> 8 | K133: =IF(WEEKDAY($D133)<2,0,IF(WEEKDAY($D133)>6,0,8)) -> 8 | L133: =SUM(I133:K133) -> 24 | N133: =E133*7.48 -> 52.36 | O133: =F133*6 -> 42 | P133: =G133*8.5 -> 0 | Q133: =I133*7.48 -> 59.84 | R133: =J133*6 -> 48 | S133: =K133*8.5 -> 68 | T133: =SUM(N133:S133) -> 270.2 | U133: =T133*0.8 -> 216.16
A134: =YEAR(D134) -> 2023 | B134: =VLOOKUP(MONTH(D134),$AG$2:$AH$14,2,0) -> FEVEREIRO | C134: =VLOOKUP(WEEKDAY(D134),$AE$2:$AF$9,2,0) -> SÁBADO | D134: 44982 | E134: =IF(WEEKDAY($D134)<2,0,IF(WEEKDAY($D134)>6,0,7)) -> 0 | F134: =IF(WEEKDAY($D134)<2,0,IF(WEEKDAY($D134)>7,0,7)) -> 7 | H134: =SUM(E134:G134) -> 7 | I134: =IF(WEEKDAY($D134)<2,0,IF(WEEKDAY($D134)>6,0,8)) -> 0 | J134: =IF(WEEKDAY($D134)<2,0,IF(WEEKDAY($D134)>7,0,8)) -> 8 | K134: =IF(WEEKDAY($D134)<2,0,IF(WEEKDAY($D134)>6,0,8)) -> 0 | L134: =SUM(I134:K134) -> 8 | N134: =E134*7.48 -> 0 | O134: =F134*6 -> 42 | P134: =G134*8.5 -> 0 | Q134: =I134*7.48 -> 0 | R134: =J134*6 -> 48 | S134: =K134*8.5 -> 0 | T134: =SUM(N134:S134) -> 90 | U134: =T134*0.8 -> 72
A135: =YEAR(D135) -> 2023 | B135: =VLOOKUP(MONTH(D135),$AG$2:$AH$14,2,0) -> FEVEREIRO | C135: =VLOOKUP(WEEKDAY(D135),$AE$2:$AF$9,2,0) -> DOMINGO | D135: 44983 | E135: =IF(WEEKDAY($D135)<2,0,IF(WEEKDAY($D135)>6,0,7)) -> 0 | F135: =IF(WEEKDAY($D135)<2,0,IF(WEEKDAY($D135)>7,0,7)) -> 0 | H135: =SUM(E135:G135) -> 0 | I135: =IF(WEEKDAY($D135)<2,0,IF(WEEKDAY($D135)>6,0,8)) -> 0 | J135: =IF(WEEKDAY($D135)<2,0,IF(WEEKDAY($D135)>7,0,8)) -> 0 | K135: =IF(WEEKDAY($D135)<2,0,IF(WEEKDAY($D135)>6,0,8)) -> 0 | L135: =SUM(I135:K135) -> 0 | N135: =E135*7.48 -> 0 | O135: =F135*6 -> 0 | P135: =G135*8.5 -> 0 | Q135: =I135*7.48 -> 0 | R135: =J135*6 -> 0 | S135: =K135*8.5 -> 0 | T135: =SUM(N135:S135) -> 0 | U135: =T135*0.8 -> 0
A136: =YEAR(D136) -> 2023 | B136: =VLOOKUP(MONTH(D136),$AG$2:$AH$14,2,0) -> FEVEREIRO | C136: =VLOOKUP(WEEKDAY(D136),$AE$2:$AF$9,2,0) -> SEGUNDA | D136: 44984 | E136: =IF(WEEKDAY($D136)<2,0,IF(WEEKDAY($D136)>6,0,7)) -> 7 | F136: =IF(WEEKDAY($D136)<2,0,IF(WEEKDAY($D136)>7,0,7)) -> 7 | H136: =SUM(E136:G136) -> 14 | I136: =IF(WEEKDAY($D136)<2,0,IF(WEEKDAY($D136)>6,0,8)) -> 8 | J136: =IF(WEEKDAY($D136)<2,0,IF(WEEKDAY($D136)>7,0,8)) -> 8 | K136: =IF(WEEKDAY($D136)<2,0,IF(WEEKDAY($D136)>6,0,8)) -> 8 | L136: =SUM(I136:K136) -> 24 | N136: =E136*7.48 -> 52.36 | O136: =F136*6 -> 42 | P136: =G136*8.5 -> 0 | Q136: =I136*7.48 -> 59.84 | R136: =J136*6 -> 48 | S136: =K136*8.5 -> 68 | T136: =SUM(N136:S136) -> 270.2 | U136: =T136*0.8 -> 216.16
A137: =YEAR(D137) -> 2023 | B137: =VLOOKUP(MONTH(D137),$AG$2:$AH$14,2,0) -> FEVEREIRO | C137: =VLOOKUP(WEEKDAY(D137),$AE$2:$AF$9,2,0) -> TERÇA | D137: 44985 | E137: =IF(WEEKDAY($D137)<2,0,IF(WEEKDAY($D137)>6,0,7)) -> 7 | F137: =IF(WEEKDAY($D137)<2,0,IF(WEEKDAY($D137)>7,0,7)) -> 7 | H137: =SUM(E137:G137) -> 14 | I137: =IF(WEEKDAY($D137)<2,0,IF(WEEKDAY($D137)>6,0,8)) -> 8 | J137: =IF(WEEKDAY($D137)<2,0,IF(WEEKDAY($D137)>7,0,8)) -> 8 | K137: =IF(WEEKDAY($D137)<2,0,IF(WEEKDAY($D137)>6,0,8)) -> 8 | L137: =SUM(I137:K137) -> 24 | N137: =E137*7.48 -> 52.36 | O137: =F137*6 -> 42 | P137: =G137*8.5 -> 0 | Q137: =I137*7.48 -> 59.84 | R137: =J137*6 -> 48 | S137: =K137*8.5 -> 68 | T137: =SUM(N137:S137) -> 270.2 | U137: =T137*0.8 -> 216.16
A138: =YEAR(D138) -> 2023 | B138: =VLOOKUP(MONTH(D138),$AG$2:$AH$14,2,0) -> MARÇO | C138: =VLOOKUP(WEEKDAY(D138),$AE$2:$AF$9,2,0) -> QUARTA | D138: 44986 | E138: =IF(WEEKDAY($D138)<2,0,IF(WEEKDAY($D138)>6,0,7)) -> 7 | F138: =IF(WEEKDAY($D138)<2,0,IF(WEEKDAY($D138)>7,0,7)) -> 7 | H138: =SUM(E138:G138) -> 14 | I138: =IF(WEEKDAY($D138)<2,0,IF(WEEKDAY($D138)>6,0,8)) -> 8 | J138: =IF(WEEKDAY($D138)<2,0,IF(WEEKDAY($D138)>7,0,8)) -> 8 | K138: =IF(WEEKDAY($D138)<2,0,IF(WEEKDAY($D138)>6,0,8)) -> 8 | L138: =SUM(I138:K138) -> 24 | N138: =E138*7.48 -> 52.36 | O138: =F138*6 -> 42 | P138: =G138*8.5 -> 0 | Q138: =I138*7.48 -> 59.84 | R138: =J138*6 -> 48 | S138: =K138*8.5 -> 68 | T138: =SUM(N138:S138) -> 270.2 | U138: =T138*0.8 -> 216.16
... A523: =YEAR(D523) -> 2024 | B523: =VLOOKUP(MONTH(D523),$AG$2:$AH$14,2,0) -> MARÇO | C523: =VLOOKUP(WEEKDAY(D523),$AE$2:$AF$9,2,0) -> QUARTA | D523: 45371 | E523: =IF(WEEKDAY($D523)<2,0,IF(WEEKDAY($D523)>6,0,7)) -> 7 | F523: =IF(WEEKDAY($D523)<2,0,IF(WEEKDAY($D523)>7,0,7)) -> 7 | H523: =SUM(E523:G523) -> 14 | I523: =IF(WEEKDAY($D523)<2,0,IF(WEEKDAY($D523)>6,0,8)) -> 8 | J523: =IF(WEEKDAY($D523)<2,0,IF(WEEKDAY($D523)>7,0,8)) -> 8 | K523: =IF(WEEKDAY($D523)<2,0,IF(WEEKDAY($D523)>6,0,8)) -> 8 | L523: =SUM(I523:K523) -> 24 | N523: =E523*7.48 -> 52.36 | O523: =F523*6 -> 42 | P523: =G523*8.5 -> 0 | Q523: =I523*7.48 -> 59.84 | R523: =J523*6 -> 48 | S523: =K523*8.5 -> 68 | T523: =SUM(N523:S523) -> 270.2 | U523: =T523*0.8 -> 216.16
A524: =YEAR(D524) -> 2024 | B524: =VLOOKUP(MONTH(D524),$AG$2:$AH$14,2,0) -> MARÇO | C524: =VLOOKUP(WEEKDAY(D524),$AE$2:$AF$9,2,0) -> QUINTA | D524: 45372 | E524: =IF(WEEKDAY($D524)<2,0,IF(WEEKDAY($D524)>6,0,7)) -> 7 | F524: =IF(WEEKDAY($D524)<2,0,IF(WEEKDAY($D524)>7,0,7)) -> 7 | I524: =IF(WEEKDAY($D524)<2,0,IF(WEEKDAY($D524)>6,0,8)) -> 8 | J524: =IF(WEEKDAY($D524)<2,0,IF(WEEKDAY($D524)>7,0,8)) -> 8 | K524: =IF(WEEKDAY($D524)<2,0,IF(WEEKDAY($D524)>6,0,8)) -> 8 | N524: =E524*7.48 -> 52.36 | O524: =F524*6 -> 42 | P524: =G524*8.5 -> 0 | Q524: =I524*7.48 -> 59.84 | R524: =J524*6 -> 48 | S524: =K524*8.5 -> 68 | T524: =SUM(N524:S524) -> 270.2 | U524: =T524*0.8 -> 216.16
A525: =YEAR(D525) -> 2024 | B525: =VLOOKUP(MONTH(D525),$AG$2:$AH$14,2,0) -> MARÇO | C525: =VLOOKUP(WEEKDAY(D525),$AE$2:$AF$9,2,0) -> SEXTA | D525: 45373 | E525: =IF(WEEKDAY($D525)<2,0,IF(WEEKDAY($D525)>6,0,7)) -> 7 | F525: =IF(WEEKDAY($D525)<2,0,IF(WEEKDAY($D525)>7,0,7)) -> 7 | I525: =IF(WEEKDAY($D525)<2,0,IF(WEEKDAY($D525)>6,0,8)) -> 8 | J525: =IF(WEEKDAY($D525)<2,0,IF(WEEKDAY($D525)>7,0,8)) -> 8 | K525: =IF(WEEKDAY($D525)<2,0,IF(WEEKDAY($D525)>6,0,8)) -> 8 | N525: =E525*7.48 -> 52.36 | O525: =F525*6 -> 42 | P525: =G525*8.5 -> 0 | Q525: =I525*7.48 -> 59.84 | R525: =J525*6 -> 48 | S525: =K525*8.5 -> 68 | T525: =SUM(N525:S525) -> 270.2 | U525: =T525*0.8 -> 216.16
A526: =YEAR(D526) -> 2024 | B526: =VLOOKUP(MONTH(D526),$AG$2:$AH$14,2,0) -> MARÇO | C526: =VLOOKUP(WEEKDAY(D526),$AE$2:$AF$9,2,0) -> SÁBADO | D526: 45374 | E526: =IF(WEEKDAY($D526)<2,0,IF(WEEKDAY($D526)>6,0,7)) -> 0 | F526: =IF(WEEKDAY($D526)<2,0,IF(WEEKDAY($D526)>7,0,7)) -> 7 | I526: =IF(WEEKDAY($D526)<2,0,IF(WEEKDAY($D526)>6,0,8)) -> 0 | J526: =IF(WEEKDAY($D526)<2,0,IF(WEEKDAY($D526)>7,0,8)) -> 8 | K526: =IF(WEEKDAY($D526)<2,0,IF(WEEKDAY($D526)>6,0,8)) -> 0 | N526: =E526*7.48 -> 0 | O526: =F526*6 -> 42 | P526: =G526*8.5 -> 0 | Q526: =I526*7.48 -> 0 | R526: =J526*6 -> 48 | S526: =K526*8.5 -> 0 | T526: =SUM(N526:S526) -> 90 | U526: =T526*0.8 -> 72
A527: =YEAR(D527) -> 2024 | B527: =VLOOKUP(MONTH(D527),$AG$2:$AH$14,2,0) -> MARÇO | C527: =VLOOKUP(WEEKDAY(D527),$AE$2:$AF$9,2,0) -> DOMINGO | D527: 45375 | E527: =IF(WEEKDAY($D527)<2,0,IF(WEEKDAY($D527)>6,0,7)) -> 0 | F527: =IF(WEEKDAY($D527)<2,0,IF(WEEKDAY($D527)>7,0,7)) -> 0 | I527: =IF(WEEKDAY($D527)<2,0,IF(WEEKDAY($D527)>6,0,8)) -> 0 | J527: =IF(WEEKDAY($D527)<2,0,IF(WEEKDAY($D527)>7,0,8)) -> 0 | K527: =IF(WEEKDAY($D527)<2,0,IF(WEEKDAY($D527)>6,0,8)) -> 0 | N527: =E527*7.48 -> 0 | O527: =F527*6 -> 0 | P527: =G527*8.5 -> 0 | Q527: =I527*7.48 -> 0 | R527: =J527*6 -> 0 | S527: =K527*8.5 -> 0 | T527: =SUM(N527:S527) -> 0 | U527: =T527*0.8 -> 0
A528: =YEAR(D528) -> 2024 | B528: =VLOOKUP(MONTH(D528),$AG$2:$AH$14,2,0) -> MARÇO | C528: =VLOOKUP(WEEKDAY(D528),$AE$2:$AF$9,2,0) -> SEGUNDA | D528: 45376 | E528: =IF(WEEKDAY($D528)<2,0,IF(WEEKDAY($D528)>6,0,7)) -> 7 | F528: =IF(WEEKDAY($D528)<2,0,IF(WEEKDAY($D528)>7,0,7)) -> 7 | I528: =IF(WEEKDAY($D528)<2,0,IF(WEEKDAY($D528)>6,0,8)) -> 8 | J528: =IF(WEEKDAY($D528)<2,0,IF(WEEKDAY($D528)>7,0,8)) -> 8 | K528: =IF(WEEKDAY($D528)<2,0,IF(WEEKDAY($D528)>6,0,8)) -> 8 | N528: =E528*7.48 -> 52.36 | O528: =F528*6 -> 42 | P528: =G528*8.5 -> 0 | Q528: =I528*7.48 -> 59.84 | R528: =J528*6 -> 48 | S528: =K528*8.5 -> 68 | T528: =SUM(N528:S528) -> 270.2 | U528: =T528*0.8 -> 216.16
A529: =YEAR(D529) -> 2024 | B529: =VLOOKUP(MONTH(D529),$AG$2:$AH$14,2,0) -> MARÇO | C529: =VLOOKUP(WEEKDAY(D529),$AE$2:$AF$9,2,0) -> TERÇA | D529: 45377 | E529: =IF(WEEKDAY($D529)<2,0,IF(WEEKDAY($D529)>6,0,7)) -> 7 | F529: =IF(WEEKDAY($D529)<2,0,IF(WEEKDAY($D529)>7,0,7)) -> 7 | I529: =IF(WEEKDAY($D529)<2,0,IF(WEEKDAY($D529)>6,0,8)) -> 8 | J529: =IF(WEEKDAY($D529)<2,0,IF(WEEKDAY($D529)>7,0,8)) -> 8 | K529: =IF(WEEKDAY($D529)<2,0,IF(WEEKDAY($D529)>6,0,8)) -> 8 | N529: =E529*7.48 -> 52.36 | O529: =F529*6 -> 42 | P529: =G529*8.5 -> 0 | Q529: =I529*7.48 -> 59.84 | R529: =J529*6 -> 48 | S529: =K529*8.5 -> 68 | T529: =SUM(N529:S529) -> 270.2 | U529: =T529*0.8 -> 216.16
A530: =YEAR(D530) -> 2024 | B530: =VLOOKUP(MONTH(D530),$AG$2:$AH$14,2,0) -> MARÇO | C530: =VLOOKUP(WEEKDAY(D530),$AE$2:$AF$9,2,0) -> QUARTA | D530: 45378 | E530: =IF(WEEKDAY($D530)<2,0,IF(WEEKDAY($D530)>6,0,7)) -> 7 | F530: =IF(WEEKDAY($D530)<2,0,IF(WEEKDAY($D530)>7,0,7)) -> 7 | I530: =IF(WEEKDAY($D530)<2,0,IF(WEEKDAY($D530)>6,0,8)) -> 8 | J530: =IF(WEEKDAY($D530)<2,0,IF(WEEKDAY($D530)>7,0,8)) -> 8 | K530: =IF(WEEKDAY($D530)<2,0,IF(WEEKDAY($D530)>6,0,8)) -> 8 | N530: =E530*7.48 -> 52.36 | O530: =F530*6 -> 42 | P530: =G530*8.5 -> 0 | Q530: =I530*7.48 -> 59.84 | R530: =J530*6 -> 48 | S530: =K530*8.5 -> 68 | T530: =SUM(N530:S530) -> 270.2 | U530: =T530*0.8 -> 216.16
A531: =YEAR(D531) -> 2024 | B531: =VLOOKUP(MONTH(D531),$AG$2:$AH$14,2,0) -> MARÇO | C531: =VLOOKUP(WEEKDAY(D531),$AE$2:$AF$9,2,0) -> QUINTA | D531: 45379 | E531: =IF(WEEKDAY($D531)<2,0,IF(WEEKDAY($D531)>6,0,7)) -> 7 | F531: =IF(WEEKDAY($D531)<2,0,IF(WEEKDAY($D531)>7,0,7)) -> 7 | I531: =IF(WEEKDAY($D531)<2,0,IF(WEEKDAY($D531)>6,0,8)) -> 8 | J531: =IF(WEEKDAY($D531)<2,0,IF(WEEKDAY($D531)>7,0,8)) -> 8 | K531: =IF(WEEKDAY($D531)<2,0,IF(WEEKDAY($D531)>6,0,8)) -> 8 | N531: =E531*7.48 -> 52.36 | O531: =F531*6 -> 42 | P531: =G531*8.5 -> 0 | Q531: =I531*7.48 -> 59.84 | R531: =J531*6 -> 48 | S531: =K531*8.5 -> 68 | T531: =SUM(N531:S531) -> 270.2 | U531: =T531*0.8 -> 216.16
A532: =YEAR(D532) -> 2024 | B532: =VLOOKUP(MONTH(D532),$AG$2:$AH$14,2,0) -> MARÇO | C532: =VLOOKUP(WEEKDAY(D532),$AE$2:$AF$9,2,0) -> SEXTA | D532: 45380 | E532: =IF(WEEKDAY($D532)<2,0,IF(WEEKDAY($D532)>6,0,7)) -> 7 | F532: =IF(WEEKDAY($D532)<2,0,IF(WEEKDAY($D532)>7,0,7)) -> 7 | I532: =IF(WEEKDAY($D532)<2,0,IF(WEEKDAY($D532)>6,0,8)) -> 8 | J532: =IF(WEEKDAY($D532)<2,0,IF(WEEKDAY($D532)>7,0,8)) -> 8 | K532: =IF(WEEKDAY($D532)<2,0,IF(WEEKDAY($D532)>6,0,8)) -> 8 | N532: =E532*7.48 -> 52.36 | O532: =F532*6 -> 42 | P532: =G532*8.5 -> 0 | Q532: =I532*7.48 -> 59.84 | R532: =J532*6 -> 48 | S532: =K532*8.5 -> 68 | T532: =SUM(N532:S532) -> 270.2 | U532: =T532*0.8 -> 216.16
A533: =YEAR(D533) -> 2024 | B533: =VLOOKUP(MONTH(D533),$AG$2:$AH$14,2,0) -> MARÇO | C533: =VLOOKUP(WEEKDAY(D533),$AE$2:$AF$9,2,0) -> SÁBADO | D533: 45381 | E533: =IF(WEEKDAY($D533)<2,0,IF(WEEKDAY($D533)>6,0,7)) -> 0 | F533: =IF(WEEKDAY($D533)<2,0,IF(WEEKDAY($D533)>7,0,7)) -> 7 | I533: =IF(WEEKDAY($D533)<2,0,IF(WEEKDAY($D533)>6,0,8)) -> 0 | J533: =IF(WEEKDAY($D533)<2,0,IF(WEEKDAY($D533)>7,0,8)) -> 8 | K533: =IF(WEEKDAY($D533)<2,0,IF(WEEKDAY($D533)>6,0,8)) -> 0 | N533: =E533*7.48 -> 0 | O533: =F533*6 -> 42 | P533: =G533*8.5 -> 0 | Q533: =I533*7.48 -> 0 | R533: =J533*6 -> 48 | S533: =K533*8.5 -> 0 | T533: =SUM(N533:S533) -> 90 | U533: =T533*0.8 -> 72
A534: =YEAR(D534) -> 2024 | B534: =VLOOKUP(MONTH(D534),$AG$2:$AH$14,2,0) -> MARÇO | C534: =VLOOKUP(WEEKDAY(D534),$AE$2:$AF$9,2,0) -> DOMINGO | D534: 45382 | E534: =IF(WEEKDAY($D534)<2,0,IF(WEEKDAY($D534)>6,0,7)) -> 0 | F534: =IF(WEEKDAY($D534)<2,0,IF(WEEKDAY($D534)>7,0,7)) -> 0 | I534: =IF(WEEKDAY($D534)<2,0,IF(WEEKDAY($D534)>6,0,8)) -> 0 | J534: =IF(WEEKDAY($D534)<2,0,IF(WEEKDAY($D534)>7,0,8)) -> 0 | K534: =IF(WEEKDAY($D534)<2,0,IF(WEEKDAY($D534)>6,0,8)) -> 0 | N534: =E534*7.48 -> 0 | O534: =F534*6 -> 0 | P534: =G534*8.5 -> 0 | Q534: =I534*7.48 -> 0 | R534: =J534*6 -> 0 | S534: =K534*8.5 -> 0 | T534: =SUM(N534:S534) -> 0 | U534: =T534*0.8 -> 0
A535: =YEAR(D535) -> 2024 | B535: =VLOOKUP(MONTH(D535),$AG$2:$AH$14,2,0) -> ABRIL | C535: =VLOOKUP(WEEKDAY(D535),$AE$2:$AF$9,2,0) -> SEGUNDA | D535: 45383 | E535: =IF(WEEKDAY($D535)<2,0,IF(WEEKDAY($D535)>6,0,7)) -> 7 | F535: =IF(WEEKDAY($D535)<2,0,IF(WEEKDAY($D535)>7,0,7)) -> 7 | I535: =IF(WEEKDAY($D535)<2,0,IF(WEEKDAY($D535)>6,0,8)) -> 8 | J535: =IF(WEEKDAY($D535)<2,0,IF(WEEKDAY($D535)>7,0,8)) -> 8 | K535: =IF(WEEKDAY($D535)<2,0,IF(WEEKDAY($D535)>6,0,8)) -> 8 | N535: =E535*7.48 -> 52.36 | O535: =F535*6 -> 42 | P535: =G535*8.5 -> 0 | Q535: =I535*7.48 -> 59.84 | R535: =J535*6 -> 48 | S535: =K535*8.5 -> 68 | T535: =SUM(N535:S535) -> 270.2 | U535: =T535*0.8 -> 216.16
... A718: =YEAR(D718) -> 2024 | B718: =VLOOKUP(MONTH(D718),$AG$2:$AH$14,2,0) -> OUTUBRO | C718: =VLOOKUP(WEEKDAY(D718),$AE$2:$AF$9,2,0) -> TERÇA | D718: 45566 | E718: =IF(WEEKDAY($D718)<2,0,IF(WEEKDAY($D718)>6,0,7)) -> 7 | F718: =IF(WEEKDAY($D718)<2,0,IF(WEEKDAY($D718)>7,0,7)) -> 7 | I718: =IF(WEEKDAY($D718)<2,0,IF(WEEKDAY($D718)>6,0,8)) -> 8 | J718: =IF(WEEKDAY($D718)<2,0,IF(WEEKDAY($D718)>7,0,8)) -> 8 | K718: =IF(WEEKDAY($D718)<2,0,IF(WEEKDAY($D718)>6,0,8)) -> 8 | N718: =E718*7.48 -> 52.36 | O718: =F718*6 -> 42 | P718: =G718*8.5 -> 0 | Q718: =I718*7.48 -> 59.84 | R718: =J718*6 -> 48 | S718: =K718*8.5 -> 68 | T718: =SUM(N718:S718) -> 270.2 | U718: =T718*0.8 -> 216.16

Sheet EFICIÊNIA DA PRODUÇÃO
A3: Ano | B3: Mês | C3: Data | D3: LINHA 1 | I3: LINHA 2
D4: NOITE | E4: DIA | F4: TARDE | G4: TOTAL | I4: NOITE | J4: DIA | K4: TARDE | L4: TOTAL
A6: =IF(C6>0,YEAR(C6),0) -> 2022 | B6: =IF(C6>0,MONTH(C6),0) -> 10 | C6: 44853 | D6: =SUMIFS('PRODUÇÃO LINHA 1'!$J:$J,'PRODUÇÃO LINHA 1'!$D:$D,'EFICIÊNIA DA PRODUÇÃO'!$C6,'PRODUÇÃO LINHA 1'!$G:$G,'EFICIÊNIA DA PRODUÇÃO'!D$4)/SUMIFS('HOMEM X HORA'!N:N,'HOMEM X HORA'!$D:$D,'EFICIÊNIA DA PRODUÇÃO'!$C6) -> 0 | E6: =SUMIFS('HOMEM X HORA'!O:O,'HOMEM X HORA'!$D:$D,'EFICIÊNIA DA PRODUÇÃO'!$C6) -> 42 | F6: =SUMIFS('HOMEM X HORA'!P:P,'HOMEM X HORA'!$D:$D,'EFICIÊNIA DA PRODUÇÃO'!$C6) -> 0
A7: =IF(C7>0,YEAR(C7),0) -> 2022 | B7: =IF(C7>0,MONTH(C7),0) -> 9 | C7: 44824 | D7: =SUMIFS('HOMEM X HORA'!N:N,'HOMEM X HORA'!D:D,'EFICIÊNIA DA PRODUÇÃO'!C7)*3600000 -> 0
A8: =IF(C8>0,YEAR(C8),0) -> 2022 | B8: =IF(C8>0,MONTH(C8),0) -> 9 | C8: 44825 | D8: =SUMIFS('HOMEM X HORA'!N:N,'HOMEM X HORA'!D:D,'EFICIÊNIA DA PRODUÇÃO'!C8)*3600000 -> 0
A9: =IF(C9>0,YEAR(C9),0) -> 2022 | B9: =IF(C9>0,MONTH(C9),0) -> 9 | C9: 44826 | D9: =SUMIFS('HOMEM X HORA'!N:N,'HOMEM X HORA'!D:D,'EFICIÊNIA DA PRODUÇÃO'!C9)*3600000 -> 0
A10: =IF(C10>0,YEAR(C10),0) -> 2022 | B10: =IF(C10>0,MONTH(C10),0) -> 9 | C10: 44827 | D10: =SUMIFS('HOMEM X HORA'!N:N,'HOMEM X HORA'!D:D,'EFICIÊNIA DA PRODUÇÃO'!C10)*3600000 -> 0
A11: =IF(C11>0,YEAR(C11),0) -> 2022 | B11: =IF(C11>0,MONTH(C11),0) -> 9 | C11: 44828
A12: =IF(C12>0,YEAR(C12),0) -> 2022 | B12: =IF(C12>0,MONTH(C12),0) -> 9 | C12: 44829
A13: =IF(C13>0,YEAR(C13),0) -> 2022 | B13: =IF(C13>0,MONTH(C13),0) -> 9 | C13: 44830
A14: =IF(C14>0,YEAR(C14),0) -> 2022 | B14: =IF(C14>0,MONTH(C14),0) -> 9 | C14: 44831

Sheet PRODUÇÃO LINHA 1
B1: CONTROLE DE PEÇAS REBARBADAS LINHA 1 | R1: DIA
B2: RASTREABILIDADE | I2: KPI | R2: TARDE
B3: Ano | C3: Mês | D3: Data | E3: OPERADOR | F3: POSTO | G3: TURNO | H3: PRODUTO | I3: TOTAL PÇS | J3: TEMPO DE PRODUÇÃO IDEAL (hh) | R3: NOITE
B5: =IF(D5>0,YEAR(D5),0) -> 2022 | C5: =IF(D5>0,MONTH(D5),0) -> 10 | D5: 44854 | F5: 1 | G5: NOITE | J5: =IF(ISERROR(VLOOKUP(H5,#REF!,9,0)),0,VLOOKUP(H5,#REF!,9,0)*I5)/3600 -> 0
B6: =IF(D6>0,YEAR(D6),0) -> 2022 | C6: =IF(D6>0,MONTH(D6),0) -> 10 | D6: 44854 | F6: 2 | G6: NOITE | J6: =IF(ISERROR(VLOOKUP(H6,#REF!,9,0)),0,VLOOKUP(H6,#REF!,9,0)*I6)/3600 -> 0
B7: =IF(D7>0,YEAR(D7),0) -> 2022 | C7: =IF(D7>0,MONTH(D7),0) -> 10 | D7: 44854 | F7: 3 | G7: NOITE | J7: =IF(ISERROR(VLOOKUP(H7,#REF!,9,0)),0,VLOOKUP(H7,#REF!,9,0)*I7)/3600 -> 0
B8: =IF(D8>0,YEAR(D8),0) -> 2022 | C8: =IF(D8>0,MONTH(D8),0) -> 10 | D8: 44854 | F8: 4 | G8: NOITE | J8: =IF(ISERROR(VLOOKUP(H8,#REF!,9,0)),0,VLOOKUP(H8,#REF!,9,0)*I8)/3600 -> 0
B9: =IF(D9>0,YEAR(D9),0) -> 2022 | C9: =IF(D9>0,MONTH(D9),0) -> 10 | D9: 44854 | F9: 5 | G9: NOITE | J9: =IF(ISERROR(VLOOKUP(H9,#REF!,9,0)),0,VLOOKUP(H9,#REF!,9,0)*I9)/3600 -> 0
B10: =IF(D10>0,YEAR(D10),0) -> 2022 | C10: =IF(D10>0,MONTH(D10),0) -> 10 | D10: 44854 | F10: 6 | G10: NOITE | J10: =IF(ISERROR(VLOOKUP(H10,#REF!,9,0)),0,VLOOKUP(H10,#REF!,9,0)*I10)/3600 -> 0
B11: =IF(D11>0,YEAR(D11),0) -> 2022 | C11: =IF(D11>0,MONTH(D11),0) -> 10 | D11: 44854 | F11: 7 | G11: NOITE | J11: =IF(ISERROR(VLOOKUP(H11,#REF!,9,0)),0,VLOOKUP(H11,#REF!,9,0)*I11)/3600 -> 0
B12: =IF(D12>0,YEAR(D12),0) -> 2022 | C12: =IF(D12>0,MONTH(D12),0) -> 10 | D12: 44854 | G12: NOITE | J12: =IF(ISERROR(VLOOKUP(H12,#REF!,9,0)),0,VLOOKUP(H12,#REF!,9,0)*I12)/3600 -> 0
B13: =IF(D13>0,YEAR(D13),0) -> 2022 | C13: =IF(D13>0,MONTH(D13),0) -> 10 | D13: 44854 | G13: NOITE | J13: =IF(ISERROR(VLOOKUP(H13,#REF!,9,0)),0,VLOOKUP(H13,#REF!,9,0)*I13)/3600 -> 0
B14: =IF(D14>0,YEAR(D14),0) -> 2022 | C14: =IF(D14>0,MONTH(D14),0) -> 10 | D14: 44854 | G14: NOITE | J14: =IF(ISERROR(VLOOKUP(H14,#REF!,9,0)),0,VLOOKUP(H14,#REF!,9,0)*I14)/3600 -> 0
B15: =IF(D15>0,YEAR(D15),0) -> 2022 | C15: =IF(D15>0,MONTH(D15),0) -> 10 | D15: 44854 | G15: NOITE | J15: =IF(ISERROR(VLOOKUP(H15,#REF!,9,0)),0,VLOOKUP(H15,#REF!,9,0)*I15)/3600 -> 0
B16: =IF(D16>0,YEAR(D16),0) -> 2022 | C16: =IF(D16>0,MONTH(D16),0) -> 10 | D16: 44854 | G16: NOITE | J16: =IF(ISERROR(VLOOKUP(H16,#REF!,9,0)),0,VLOOKUP(H16,#REF!,9,0)*I16)/3600 -> 0
B17: =IF(D17>0,YEAR(D17),0) -> 2022 | C17: =IF(D17>0,MONTH(D17),0) -> 10 | D17: 44854 | G17: NOITE | J17: =IF(ISERROR(VLOOKUP(H17,#REF!,9,0)),0,VLOOKUP(H17,#REF!,9,0)*I17)/3600 -> 0
B18: =IF(D18>0,YEAR(D18),0) -> 2022 | C18: =IF(D18>0,MONTH(D18),0) -> 10 | D18: 44854 | G18: NOITE | J18: =IF(ISERROR(VLOOKUP(H18,#REF!,9,0)),0,VLOOKUP(H18,#REF!,9,0)*I18)/3600 -> 0
B19: =IF(D19>0,YEAR(D19),0) -> 2022 | C19: =IF(D19>0,MONTH(D19),0) -> 10 | D19: 44854 | G19: NOITE | J19: =IF(ISERROR(VLOOKUP(H19,#REF!,9,0)),0,VLOOKUP(H19,#REF!,9,0)*I19)/3600 -> 0
B20: =IF(D20>0,YEAR(D20),0) -> 2022 | C20: =IF(D20>0,MONTH(D20),0) -> 10 | D20: 44854 | G20: NOITE | J20: =IF(ISERROR(VLOOKUP(H20,#REF!,9,0)),0,VLOOKUP(H20,#REF!,9,0)*I20)/3600 -> 0
B21: =IF(D21>0,YEAR(D21),0) -> 2022 | C21: =IF(D21>0,MONTH(D21),0) -> 10 | D21: 44854 | G21: NOITE | J21: =IF(ISERROR(VLOOKUP(H21,#REF!,9,0)),0,VLOOKUP(H21,#REF!,9,0)*I21)/3600 -> 0
B22: =IF(D22>0,YEAR(D22),0) -> 0 | C22: =IF(D22>0,MONTH(D22),0) -> 0 | G22: NOITE | J22: =IF(ISERROR(VLOOKUP(H22,#REF!,9,0)),0,VLOOKUP(H22,#REF!,9,0)*I22)/3600 -> 0
B23: =IF(D23>0,YEAR(D23),0) -> 0 | C23: =IF(D23>0,MONTH(D23),0) -> 0 | G23: NOITE | J23: =IF(ISERROR(VLOOKUP(H23,#REF!,9,0)),0,VLOOKUP(H23,#REF!,9,0)*I23)/3600 -> 0
B24: =IF(D24>0,YEAR(D24),0) -> 0 | C24: =IF(D24>0,MONTH(D24),0) -> 0 | G24: NOITE | J24: =IF(ISERROR(VLOOKUP(H24,#REF!,9,0)),0,VLOOKUP(H24,#REF!,9,0)*I24)/3600 -> 0
B25: =IF(D25>0,YEAR(D25),0) -> 0 | C25: =IF(D25>0,MONTH(D25),0) -> 0 | G25: NOITE | J25: =IF(ISERROR(VLOOKUP(H25,#REF!,9,0)),0,VLOOKUP(H25,#REF!,9,0)*I25)/3600 -> 0
B26: =IF(D26>0,YEAR(D26),0) -> 0 | C26: =IF(D26>0,MONTH(D26),0) -> 0 | G26: NOITE | J26: =IF(ISERROR(VLOOKUP(H26,#REF!,9,0)),0,VLOOKUP(H26,#REF!,9,0)*I26)/3600 -> 0
B27: =IF(D27>0,YEAR(D27),0) -> 0 | C27: =IF(D27>0,MONTH(D27),0) -> 0 | G27: NOITE | J27: =IF(ISERROR(VLOOKUP(H27,#REF!,9,0)),0,VLOOKUP(H27,#REF!,9,0)*I27)/3600 -> 0
B28: =IF(D28>0,YEAR(D28),0) -> 0 | C28: =IF(D28>0,MONTH(D28),0) -> 0 | G28: NOITE | J28: =IF(ISERROR(VLOOKUP(H28,#REF!,9,0)),0,VLOOKUP(H28,#REF!,9,0)*I28)/3600 -> 0
B29: =IF(D29>0,YEAR(D29),0) -> 0 | C29: =IF(D29>0,MONTH(D29),0) -> 0 | J29: =IF(ISERROR(VLOOKUP(H29,#REF!,9,0)),0,VLOOKUP(H29,#REF!,9,0)*I29)/3600 -> 0
B30: =IF(D30>0,YEAR(D30),0) -> 0 | C30: =IF(D30>0,MONTH(D30),0) -> 0 | J30: =IF(ISERROR(VLOOKUP(H30,#REF!,9,0)),0,VLOOKUP(H30,#REF!,9,0)*I30)/3600 -> 0
B31: =IF(D31>0,YEAR(D31),0) -> 0 | C31: =IF(D31>0,MONTH(D31),0) -> 0 | J31: =IF(ISERROR(VLOOKUP(H31,#REF!,9,0)),0,VLOOKUP(H31,#REF!,9,0)*I31)/3600 -> 0
B32: =IF(D32>0,YEAR(D32),0) -> 0 | C32: =IF(D32>0,MONTH(D32),0) -> 0 | J32: =IF(ISERROR(VLOOKUP(H32,#REF!,9,0)),0,VLOOKUP(H32,#REF!,9,0)*I32)/3600 -> 0
B33: =IF(D33>0,YEAR(D33),0) -> 0 | C33: =IF(D33>0,MONTH(D33),0) -> 0 | J33: =IF(ISERROR(VLOOKUP(H33,#REF!,9,0)),0,VLOOKUP(H33,#REF!,9,0)*I33)/3600 -> 0
B34: =IF(D34>0,YEAR(D34),0) -> 0 | C34: =IF(D34>0,MONTH(D34),0) -> 0 | J34: =IF(ISERROR(VLOOKUP(H34,#REF!,9,0)),0,VLOOKUP(H34,#REF!,9,0)*I34)/3600 -> 0
B35: =IF(D35>0,YEAR(D35),0) -> 0 | C35: =IF(D35>0,MONTH(D35),0) -> 0 | J35: =IF(ISERROR(VLOOKUP(H35,#REF!,9,0)),0,VLOOKUP(H35,#REF!,9,0)*I35)/3600 -> 0
B36: =IF(D36>0,YEAR(D36),0) -> 0 | C36: =IF(D36>0,MONTH(D36),0) -> 0 | J36: =IF(ISERROR(VLOOKUP(H36,#REF!,9,0)),0,VLOOKUP(H36,#REF!,9,0)*I36)/3600 -> 0
B37: =IF(D37>0,YEAR(D37),0) -> 0 | C37: =IF(D37>0,MONTH(D37),0) -> 0 | J37: =IF(ISERROR(VLOOKUP(H37,#REF!,9,0)),0,VLOOKUP(H37,#REF!,9,0)*I37)/3600 -> 0
B38: =IF(D38>0,YEAR(D38),0) -> 0 | C38: =IF(D38>0,MONTH(D38),0) -> 0 | J38: =IF(ISERROR(VLOOKUP(H38,#REF!,9,0)),0,VLOOKUP(H38,#REF!,9,0)*I38)/3600 -> 0
B39: =IF(D39>0,YEAR(D39),0) -> 0 | C39: =IF(D39>0,MONTH(D39),0) -> 0 | J39: =IF(ISERROR(VLOOKUP(H39,#REF!,9,0)),0,VLOOKUP(H39,#REF!,9,0)*I39)/3600 -> 0
B40: =IF(D40>0,YEAR(D40),0) -> 0 | C40: =IF(D40>0,MONTH(D40),0) -> 0 | J40: =IF(ISERROR(VLOOKUP(H40,#REF!,9,0)),0,VLOOKUP(H40,#REF!,9,0)*I40)/3600 -> 0
... B1325: =IF(D1325>0,YEAR(D1325),0) -> 0 | C1325: =IF(D1325>0,MONTH(D1325),0) -> 0 | J1325: =IF(ISERROR(VLOOKUP(H1325,#REF!,9,0)),0,VLOOKUP(H1325,#REF!,9,0)*I1325)/3600 -> 0

Sheet Planilha2
C2: TON | D2: HHT
B3: JANEIRO | C3: 1709 | D3: =30*176/C3 -> 3.089526 | H3: =H4*7 -> 1470
B4: FEVEREIRO | C4: 1681 | D4: =30*176/C4 -> 3.1409875 | H4: =3600/12*0.7 -> 210 | I4: =H4*9 -> 1890 | K4: =1000/I4 -> 0.52910053
B5: MARÇO | C5: 1805 | D5: =30*176/C5 -> 2.9252078
B6: ABRIL | C6: 1284 | D6: =30*176/C6 -> 4.1121495 | H6: =700/8 -> 87.5
B7: MAIO | C7: 2256 | D7: =30*176/C7 -> 2.3404255
B8: JUNHO | C8: 2307 | D8: =30*176/C8 -> 2.2886866 | H8: =90*1.8 -> 162 | J8: =1000/H8 -> 6.1728395
B9: JULHO | C9: 1046 | D9: =30*176/C9 -> 5.0478011
B10: AGOSTO | C10: 1137 | D10: =30*176/C10 -> 4.6437995
B11: SETEMBRO | C11: 1769 | D11: =30*176/C11 -> 2.9847371
B12: OUTUBRO | C12: 1466 | D12: =30*176/C12 -> 3.6016371
B13: NOVEMBRO | C13: 1781 | D13: =38*176/C13 -> 3.7551937
B14: DEZEMBRO

Sheet FORMULÁRIO - PRODUÇÃO 
E2: TOTAL DE PEÇAS REBARBADAS LINHA 2
N3: DATA: _____/_____/____
N4: Turno: _____________
B6: POSTO 01 | E6: POSTO 02 | H6: POSTO 03 | K6: POSTO 04 | N6: POSTO 05
B7: OPERADOR | E7: OPERADOR | H7: OPERADOR | K7: OPERADOR | N7: OPERADOR
B8: MS | C8: QTD ACABADA | E8: MS | F8: QTD ACABADA | H8: MS | I8: QTD ACABADA | K8: MS | L8: QTD ACABADA | N8: MS | O8: QTD ACABADA
B14: MS | C14: QTD RETRABALHO | E14: MS | F14: QTD RETRABALHO | H14: MS | I14: QTD RETRABALHO | K14: MS | L14: QTD RETRABALHO | N14: MS | O14: QTD RETRABALHO
B19: POSTO 06 | E19: POSTO 07 | H19: POSTO 08 | K19: POSTO 09 | N19: POSTO 10
B20: OPERADOR | E20: OPERADOR | H20: OPERADOR | K20: OPERADOR | N20: OPERADOR
B21: MS | C21: QTD ACABADA | E21: MS | F21: QTD ACABADA | H21: MS | I21: QTD ACABADA | K21: MS | L21: QTD ACABADA | N21: MS | O21: QTD ACABADA
B27: MS | C27: QTD RETRABALHO | E27: MS | F27: QTD RETRABALHO | H27: MS | I27: QTD RETRABALHO | K27: MS | L27: QTD RETRABALHO | N27: MS | O27: QTD RETRABALHO
L32: Visto do Supervisor / Controlador

Sheet FORMULÁRIO - PRODUÇÃO  (1)
E2: RELATÓRIO DE PRODUÇÃO | N2: DATA: ______/______/_______
N3: TURNO:
N4: TOTAL DE FALTAS:
B6: FECHAMENTO DA PRODUÇÃO LINHA 1 | L6: REFUGO (QUANTIDADE)
B7: PRODUTO | D7: LIBERADAS | F7: RETRABALHO | G7: REJATO | I7: EXCESSO | J7: LOTE | L7: PEÇAS AMASSADAS | M7: QUEBRADAS | N7: EXCESSO DE ESMERILHAMENTO | O7: EXCESSO DE JATEAMENTO
B15: FECHAMENTO DA PRODUÇÃO LINHA 2 | L15: REFUGO (QUANTIDADE)
B16: PRODUTO | D16: LIBERADAS | F16: RETRABALHO | G16: REJATO | I16: EXCESSO | J16: LOTE | L16: PEÇAS AMASSADAS | M16: QUEBRADAS | N16: EXCESSO DE ESMERILHAMENTO | O16: EXCESSO DE JATEAMENTO
B24: OBSERVAÇÕES
M29: Visto do Supervisor / Controlador
